doc_id,title,calories,protein,fat,sodium,carbohydrates,fibre,rating,text_chunk
doc_00000,Ada,280.0,5.0,2.0,369.5,61.0,2.9,4.00,"Recipe: Ada.
Nutrition per serving: 280.0 kcal | 5.0 g protein | 2.0 g fat | 369.5 mg sodium | 61.0 g carbs | 2.9 g fibre.
Nutrition profile: moderate-calorie (200–400 kcal), low-protein (< 10 g), low-fat (< 5 g), moderate-sodium (150–599 mg), high-carb (> 50 g), low-fibre (< 3 g).
User rating: 4.00/5 — very good.
Diet suitability: vegetarian.
Cuisine / style: sri lankan.
Meal type: dessert.
Main protein source: not specified.
Cooking method: standard.
Additional attributes: sri lankan, traditional."
doc_00001,Almonds,180.0,6.0,15.0,298.8,6.0,2.4,4.00,"Recipe: Almonds.
Nutrition per serving: 180.0 kcal | 6.0 g protein | 15.0 g fat | 298.8 mg sodium | 6.0 g carbs | 2.4 g fibre.
Nutrition profile: low-calorie (< 200 kcal), low-protein (< 10 g), high-fat (≥ 15 g), moderate-sodium (150–599 mg), low-carb (< 20 g), low-fibre (< 3 g).
User rating: 4.00/5 — very good.
Diet suitability: vegetarian.
Cuisine / style: sri lankan.
Meal type: side.
Main protein source: not specified.
Cooking method: standard.
Additional attributes: sri lankan, traditional."
doc_00002,Aluwa,400.0,3.0,8.0,31.8,85.0,1.4,4.00,"Recipe: Aluwa.
Nutrition per serving: 400.0 kcal | 3.0 g protein | 8.0 g fat | 31.8 mg sodium | 85.0 g carbs | 1.4 g fibre.
Nutrition profile: high-calorie (400–700 kcal), low-protein (< 10 g), moderate-fat (5–14 g), low-sodium (< 150 mg), high-carb (> 50 g), low-fibre (< 3 g).
User rating: 4.00/5 — very good.
Diet suitability: vegetarian.
Cuisine / style: sri lankan.
Meal type: dessert.
Main protein source: not specified.
Cooking method: standard.
Additional attributes: sri lankan, traditional."
doc_00003,Ambul Kesel,45.0,0.5,0.1,369.0,11.0,1.5,4.00,"Recipe: Ambul Kesel.
Nutrition per serving: 45.0 kcal | 0.5 g protein | 0.1 g fat | 369.0 mg sodium | 11.0 g carbs | 1.5 g fibre.
Nutrition profile: low-calorie (< 200 kcal), low-protein (< 10 g), low-fat (< 5 g), moderate-sodium (150–599 mg), low-carb (< 20 g), low-fibre (< 3 g).
User rating: 4.00/5 — very good.
Diet suitability: vegetarian.
Cuisine / style: sri lankan.
Meal type: side.
Main protein source: not specified.
Cooking method: standard.
Additional attributes: sri lankan, traditional."
doc_00004,Ambulthiyal Sour Fish Curry,160.0,22.0,6.0,353.7,4.0,0.2,4.50,"Recipe: Ambulthiyal Sour Fish Curry.
Nutrition per serving: 160.0 kcal | 22.0 g protein | 6.0 g fat | 353.7 mg sodium | 4.0 g carbs | 0.2 g fibre.
Nutrition profile: low-calorie (< 200 kcal), moderate-protein (10–24 g), moderate-fat (5–14 g), moderate-sodium (150–599 mg), low-carb (< 20 g), low-fibre (< 3 g).
User rating: 4.50/5 — outstanding.
Diet suitability: none specified.
Cuisine / style: sri lankan.
Meal type: main.
Main protein source: fish.
Cooking method: dry curry.
Additional attributes: ambulthiyal, sour, goraka, traditional."
doc_00005,Ambun Kesel,90.0,1.3,0.3,177.9,23.0,1.9,4.00,"Recipe: Ambun Kesel.
Nutrition per serving: 90.0 kcal | 1.3 g protein | 0.3 g fat | 177.9 mg sodium | 23.0 g carbs | 1.9 g fibre.
Nutrition profile: low-calorie (< 200 kcal), low-protein (< 10 g), low-fat (< 5 g), moderate-sodium (150–599 mg), moderate-carb (20–50 g), low-fibre (< 3 g).
User rating: 4.00/5 — very good.
Diet suitability: vegetarian.
Cuisine / style: sri lankan.
Meal type: snack.
Main protein source: not specified.
Cooking method: standard.
Additional attributes: sri lankan, traditional."
doc_00006,Apple,80.0,0.0,0.0,189.4,22.0,4.9,4.00,"Recipe: Apple.
Nutrition per serving: 80.0 kcal | 0.0 g protein | 0.0 g fat | 189.4 mg sodium | 22.0 g carbs | 4.9 g fibre.
Nutrition profile: low-calorie (< 200 kcal), low-protein (< 10 g), low-fat (< 5 g), moderate-sodium (150–599 mg), moderate-carb (20–50 g), moderate-fibre (3–7 g).
User rating: 4.00/5 — very good.
Diet suitability: vegetarian.
Cuisine / style: sri lankan.
Meal type: side.
Main protein source: not specified.
Cooking method: standard.
Additional attributes: sri lankan, traditional."
doc_00007,Avocado,80.0,1.0,7.4,302.2,4.3,2.5,4.00,"Recipe: Avocado.
Nutrition per serving: 80.0 kcal | 1.0 g protein | 7.4 g fat | 302.2 mg sodium | 4.3 g carbs | 2.5 g fibre.
Nutrition profile: low-calorie (< 200 kcal), low-protein (< 10 g), moderate-fat (5–14 g), moderate-sodium (150–599 mg), low-carb (< 20 g), low-fibre (< 3 g).
User rating: 4.00/5 — very good.
Diet suitability: vegetarian.
Cuisine / style: sri lankan.
Meal type: side.
Main protein source: not specified.
Cooking method: standard.
Additional attributes: sri lankan, traditional."
doc_00008,Banana,90.0,1.0,0.0,20.9,23.0,4.9,4.00,"Recipe: Banana.
Nutrition per serving: 90.0 kcal | 1.0 g protein | 0.0 g fat | 20.9 mg sodium | 23.0 g carbs | 4.9 g fibre.
Nutrition profile: low-calorie (< 200 kcal), low-protein (< 10 g), low-fat (< 5 g), low-sodium (< 150 mg), moderate-carb (20–50 g), moderate-fibre (3–7 g).
User rating: 4.00/5 — very good.
Diet suitability: vegetarian.
Cuisine / style: sri lankan.
Meal type: side.
Main protein source: not specified.
Cooking method: standard.
Additional attributes: sri lankan, traditional."
doc_00009,Batter Carol biscuit,26.0,0.4,0.8,212.5,4.2,1.4,4.00,"Recipe: Batter Carol biscuit.
Nutrition per serving: 26.0 kcal | 0.4 g protein | 0.8 g fat | 212.5 mg sodium | 4.2 g carbs | 1.4 g fibre.
Nutrition profile: low-calorie (< 200 kcal), low-protein (< 10 g), low-fat (< 5 g), moderate-sodium (150–599 mg), low-carb (< 20 g), low-fibre (< 3 g).
User rating: 4.00/5 — very good.
Diet suitability: vegetarian.
Cuisine / style: sri lankan.
Meal type: dessert.
Main protein source: not specified.
Cooking method: standard.
Additional attributes: sri lankan, traditional."
doc_00010,Beetroot curry with coconut milk,89.0,2.0,4.7,559.2,11.0,5.4,4.00,"Recipe: Beetroot curry with coconut milk.
Nutrition per serving: 89.0 kcal | 2.0 g protein | 4.7 g fat | 559.2 mg sodium | 11.0 g carbs | 5.4 g fibre.
Nutrition profile: low-calorie (< 200 kcal), low-protein (< 10 g), low-fat (< 5 g), moderate-sodium (150–599 mg), low-carb (< 20 g), moderate-fibre (3–7 g).
User rating: 4.00/5 — very good.
Diet suitability: vegetarian.
Cuisine / style: sri lankan.
Meal type: side.
Main protein source: not specified.
Cooking method: curry.
Additional attributes: sri lankan, traditional."
doc_00011,Boiled Chickpeas,164.0,9.0,2.6,378.6,27.0,8.8,4.00,"Recipe: Boiled Chickpeas.
Nutrition per serving: 164.0 kcal | 9.0 g protein | 2.6 g fat | 378.6 mg sodium | 27.0 g carbs | 8.8 g fibre.
Nutrition profile: low-calorie (< 200 kcal), low-protein (< 10 g), low-fat (< 5 g), moderate-sodium (150–599 mg), moderate-carb (20–50 g), high-fibre (> 7 g).
User rating: 4.00/5 — very good.
Diet suitability: vegetarian.
Cuisine / style: sri lankan.
Meal type: main.
Main protein source: lentil.
Cooking method: boil.
Additional attributes: sri lankan, traditional."
doc_00012,Boiled Cowpea,116.0,7.7,0.5,173.2,21.0,7.4,4.00,"Recipe: Boiled Cowpea.
Nutrition per serving: 116.0 kcal | 7.7 g protein | 0.5 g fat | 173.2 mg sodium | 21.0 g carbs | 7.4 g fibre.
Nutrition profile: low-calorie (< 200 kcal), low-protein (< 10 g), low-fat (< 5 g), moderate-sodium (150–599 mg), moderate-carb (20–50 g), high-fibre (> 7 g).
User rating: 4.00/5 — very good.
Diet suitability: vegetarian.
Cuisine / style: sri lankan.
Meal type: main.
Main protein source: lentil.
Cooking method: boil.
Additional attributes: sri lankan, traditional."
doc_00013,Boiled Jackfruit Seed,13.0,0.6,0.1,27.9,2.5,6.6,4.00,"Recipe: Boiled Jackfruit Seed.
Nutrition per serving: 13.0 kcal | 0.6 g protein | 0.1 g fat | 27.9 mg sodium | 2.5 g carbs | 6.6 g fibre.
Nutrition profile: low-calorie (< 200 kcal), low-protein (< 10 g), low-fat (< 5 g), low-sodium (< 150 mg), low-carb (< 20 g), moderate-fibre (3–7 g).
User rating: 4.00/5 — very good.
Diet suitability: vegetarian.
Cuisine / style: sri lankan.
Meal type: side.
Main protein source: not specified.
Cooking method: boil.
Additional attributes: sri lankan, traditional."
doc_00014,Boiled Mung,105.0,7.0,0.4,216.2,19.0,8.0,4.00,"Recipe: Boiled Mung.
Nutrition per serving: 105.0 kcal | 7.0 g protein | 0.4 g fat | 216.2 mg sodium | 19.0 g carbs | 8.0 g fibre.
Nutrition profile: low-calorie (< 200 kcal), low-protein (< 10 g), low-fat (< 5 g), moderate-sodium (150–599 mg), low-carb (< 20 g), high-fibre (> 7 g).
User rating: 4.00/5 — very good.
Diet suitability: vegetarian.
Cuisine / style: sri lankan.
Meal type: main.
Main protein source: lentil.
Cooking method: boil.
Additional attributes: sri lankan, traditional."
doc_00015,Boiled Potatoes,44.0,1.0,0.1,397.4,10.3,2.3,4.00,"Recipe: Boiled Potatoes.
Nutrition per serving: 44.0 kcal | 1.0 g protein | 0.1 g fat | 397.4 mg sodium | 10.3 g carbs | 2.3 g fibre.
Nutrition profile: low-calorie (< 200 kcal), low-protein (< 10 g), low-fat (< 5 g), moderate-sodium (150–599 mg), low-carb (< 20 g), low-fibre (< 3 g).
User rating: 4.00/5 — very good.
Diet suitability: vegetarian.
Cuisine / style: sri lankan.
Meal type: side.
Main protein source: not specified.
Cooking method: boil.
Additional attributes: sri lankan, traditional."
doc_00016,Boiled Sweet Potato,90.0,1.6,0.1,80.5,20.0,1.5,4.00,"Recipe: Boiled Sweet Potato.
Nutrition per serving: 90.0 kcal | 1.6 g protein | 0.1 g fat | 80.5 mg sodium | 20.0 g carbs | 1.5 g fibre.
Nutrition profile: low-calorie (< 200 kcal), low-protein (< 10 g), low-fat (< 5 g), low-sodium (< 150 mg), moderate-carb (20–50 g), low-fibre (< 3 g).
User rating: 4.00/5 — very good.
Diet suitability: vegetarian.
Cuisine / style: sri lankan.
Meal type: side.
Main protein source: not specified.
Cooking method: boil.
Additional attributes: sri lankan, traditional."
doc_00017,Boondi,240.0,3.0,10.0,287.6,38.0,1.1,4.00,"Recipe: Boondi.
Nutrition per serving: 240.0 kcal | 3.0 g protein | 10.0 g fat | 287.6 mg sodium | 38.0 g carbs | 1.1 g fibre.
Nutrition profile: moderate-calorie (200–400 kcal), low-protein (< 10 g), moderate-fat (5–14 g), moderate-sodium (150–599 mg), moderate-carb (20–50 g), low-fibre (< 3 g).
User rating: 4.00/5 — very good.
Diet suitability: vegetarian.
Cuisine / style: sri lankan.
Meal type: dessert.
Main protein source: not specified.
Cooking method: standard.
Additional attributes: sri lankan, traditional."
doc_00018,Brown Rice,90.0,2.0,1.0,168.8,19.0,1.7,4.00,"Recipe: Brown Rice.
Nutrition per serving: 90.0 kcal | 2.0 g protein | 1.0 g fat | 168.8 mg sodium | 19.0 g carbs | 1.7 g fibre.
Nutrition profile: low-calorie (< 200 kcal), low-protein (< 10 g), low-fat (< 5 g), moderate-sodium (150–599 mg), low-carb (< 20 g), low-fibre (< 3 g).
User rating: 4.00/5 — very good.
Diet suitability: vegetarian.
Cuisine / style: sri lankan.
Meal type: main.
Main protein source: not specified.
Cooking method: traditional sri lankan cooking.
Additional attributes: sri lankan, traditional."
doc_00019,Butter Cake,220.0,2.0,12.0,69.4,27.0,0.9,4.00,"Recipe: Butter Cake.
Nutrition per serving: 220.0 kcal | 2.0 g protein | 12.0 g fat | 69.4 mg sodium | 27.0 g carbs | 0.9 g fibre.
Nutrition profile: moderate-calorie (200–400 kcal), low-protein (< 10 g), moderate-fat (5–14 g), low-sodium (< 150 mg), moderate-carb (20–50 g), low-fibre (< 3 g).
User rating: 4.00/5 — very good.
Diet suitability: vegetarian.
Cuisine / style: sri lankan.
Meal type: dessert.
Main protein source: not specified.
Cooking method: standard.
Additional attributes: sri lankan, traditional."
doc_00020,Cavendish Banana,134.0,1.7,0.5,22.5,34.2,2.5,4.00,"Recipe: Cavendish Banana.
Nutrition per serving: 134.0 kcal | 1.7 g protein | 0.5 g fat | 22.5 mg sodium | 34.2 g carbs | 2.5 g fibre.
Nutrition profile: low-calorie (< 200 kcal), low-protein (< 10 g), low-fat (< 5 g), low-sodium (< 150 mg), moderate-carb (20–50 g), low-fibre (< 3 g).
User rating: 4.00/5 — very good.
Diet suitability: vegetarian.
Cuisine / style: sri lankan.
Meal type: side.
Main protein source: not specified.
Cooking method: standard.
Additional attributes: sri lankan, traditional."
doc_00021,Chicken Breast,165.0,31.0,3.6,288.9,0.0,1.4,4.00,"Recipe: Chicken Breast.
Nutrition per serving: 165.0 kcal | 31.0 g protein | 3.6 g fat | 288.9 mg sodium | 0.0 g carbs | 1.4 g fibre.
Nutrition profile: low-calorie (< 200 kcal), high-protein (≥ 25 g), low-fat (< 5 g), moderate-sodium (150–599 mg), low-carb (< 20 g), low-fibre (< 3 g).
User rating: 4.00/5 — very good.
Diet suitability: none specified.
Cuisine / style: sri lankan.
Meal type: main.
Main protein source: chicken.
Cooking method: standard.
Additional attributes: sri lankan, traditional."
doc_00022,Chicken Curry,180.0,27.0,8.0,522.8,0.0,1.4,4.50,"Recipe: Chicken Curry.
Nutrition per serving: 180.0 kcal | 27.0 g protein | 8.0 g fat | 522.8 mg sodium | 0.0 g carbs | 1.4 g fibre.
Nutrition profile: low-calorie (< 200 kcal), high-protein (≥ 25 g), moderate-fat (5–14 g), moderate-sodium (150–599 mg), low-carb (< 20 g), low-fibre (< 3 g).
User rating: 4.50/5 — outstanding.
Diet suitability: none specified.
Cuisine / style: sri lankan.
Meal type: main.
Main protein source: chicken.
Cooking method: curry.
Additional attributes: sri lankan, traditional."
doc_00023,Chicken Gravy,25.0,3.5,1.5,360.7,0.0,1.6,4.00,"Recipe: Chicken Gravy.
Nutrition per serving: 25.0 kcal | 3.5 g protein | 1.5 g fat | 360.7 mg sodium | 0.0 g carbs | 1.6 g fibre.
Nutrition profile: low-calorie (< 200 kcal), low-protein (< 10 g), low-fat (< 5 g), moderate-sodium (150–599 mg), low-carb (< 20 g), low-fibre (< 3 g).
User rating: 4.00/5 — very good.
Diet suitability: none specified.
Cuisine / style: sri lankan.
Meal type: main.
Main protein source: chicken.
Cooking method: standard.
Additional attributes: sri lankan, traditional."
doc_00024,Choco bar,60.0,0.5,4.0,234.5,6.0,2.2,4.00,"Recipe: Choco bar.
Nutrition per serving: 60.0 kcal | 0.5 g protein | 4.0 g fat | 234.5 mg sodium | 6.0 g carbs | 2.2 g fibre.
Nutrition profile: low-calorie (< 200 kcal), low-protein (< 10 g), low-fat (< 5 g), moderate-sodium (150–599 mg), low-carb (< 20 g), low-fibre (< 3 g).
User rating: 4.00/5 — very good.
Diet suitability: vegetarian.
Cuisine / style: sri lankan.
Meal type: side.
Main protein source: not specified.
Cooking method: standard.
Additional attributes: sri lankan, traditional."
doc_00025,Chocolate,104.4,0.6,5.5,167.7,12.9,1.1,4.00,"Recipe: Chocolate.
Nutrition per serving: 104.4 kcal | 0.6 g protein | 5.5 g fat | 167.7 mg sodium | 12.9 g carbs | 1.1 g fibre.
Nutrition profile: low-calorie (< 200 kcal), low-protein (< 10 g), moderate-fat (5–14 g), moderate-sodium (150–599 mg), low-carb (< 20 g), low-fibre (< 3 g).
User rating: 4.00/5 — very good.
Diet suitability: vegetarian.
Cuisine / style: sri lankan.
Meal type: dessert.
Main protein source: not specified.
Cooking method: standard.
Additional attributes: sri lankan, traditional."
doc_00026,Chocolate Cake,250.0,3.0,12.0,40.9,35.0,0.6,4.00,"Recipe: Chocolate Cake.
Nutrition per serving: 250.0 kcal | 3.0 g protein | 12.0 g fat | 40.9 mg sodium | 35.0 g carbs | 0.6 g fibre.
Nutrition profile: moderate-calorie (200–400 kcal), low-protein (< 10 g), moderate-fat (5–14 g), low-sodium (< 150 mg), moderate-carb (20–50 g), low-fibre (< 3 g).
User rating: 4.00/5 — very good.
Diet suitability: vegetarian.
Cuisine / style: sri lankan.
Meal type: dessert.
Main protein source: not specified.
Cooking method: standard.
Additional attributes: sri lankan, traditional."
doc_00027,Chocolate Cream Biscuit,53.0,1.0,2.0,174.2,8.0,0.8,4.00,"Recipe: Chocolate Cream Biscuit.
Nutrition per serving: 53.0 kcal | 1.0 g protein | 2.0 g fat | 174.2 mg sodium | 8.0 g carbs | 0.8 g fibre.
Nutrition profile: low-calorie (< 200 kcal), low-protein (< 10 g), low-fat (< 5 g), moderate-sodium (150–599 mg), low-carb (< 20 g), low-fibre (< 3 g).
User rating: 4.00/5 — very good.
Diet suitability: vegetarian.
Cuisine / style: sri lankan.
Meal type: dessert.
Main protein source: not specified.
Cooking method: standard.
Additional attributes: sri lankan, traditional."
doc_00028,Chocolate ice cream,154.0,2.6,10.0,364.9,14.0,0.4,4.00,"Recipe: Chocolate ice cream.
Nutrition per serving: 154.0 kcal | 2.6 g protein | 10.0 g fat | 364.9 mg sodium | 14.0 g carbs | 0.4 g fibre.
Nutrition profile: low-calorie (< 200 kcal), low-protein (< 10 g), moderate-fat (5–14 g), moderate-sodium (150–599 mg), low-carb (< 20 g), low-fibre (< 3 g).
User rating: 4.00/5 — very good.
Diet suitability: vegetarian.
Cuisine / style: sri lankan.
Meal type: dessert.
Main protein source: not specified.
Cooking method: standard.
Additional attributes: sri lankan, traditional."
doc_00029,Chocolate Marie biscuit,15.0,0.3,0.4,351.9,2.8,0.5,4.00,"Recipe: Chocolate Marie biscuit.
Nutrition per serving: 15.0 kcal | 0.3 g protein | 0.4 g fat | 351.9 mg sodium | 2.8 g carbs | 0.5 g fibre.
Nutrition profile: low-calorie (< 200 kcal), low-protein (< 10 g), low-fat (< 5 g), moderate-sodium (150–599 mg), low-carb (< 20 g), low-fibre (< 3 g).
User rating: 4.00/5 — very good.
Diet suitability: vegetarian.
Cuisine / style: sri lankan.
Meal type: dessert.
Main protein source: not specified.
Cooking method: standard.
Additional attributes: sri lankan, traditional."
doc_00030,Coconut Cake,250.0,3.0,14.0,119.6,30.0,1.1,4.00,"Recipe: Coconut Cake.
Nutrition per serving: 250.0 kcal | 3.0 g protein | 14.0 g fat | 119.6 mg sodium | 30.0 g carbs | 1.1 g fibre.
Nutrition profile: moderate-calorie (200–400 kcal), low-protein (< 10 g), moderate-fat (5–14 g), low-sodium (< 150 mg), moderate-carb (20–50 g), low-fibre (< 3 g).
User rating: 4.00/5 — very good.
Diet suitability: vegetarian.
Cuisine / style: sri lankan.
Meal type: dessert.
Main protein source: not specified.
Cooking method: standard.
Additional attributes: sri lankan, traditional."
doc_00031,Coconut Milk 1st 2nd 3rd extractions,15.0,0.2,1.4,172.7,1.0,2.1,4.00,"Recipe: Coconut Milk 1st 2nd 3rd extractions.
Nutrition per serving: 15.0 kcal | 0.2 g protein | 1.4 g fat | 172.7 mg sodium | 1.0 g carbs | 2.1 g fibre.
Nutrition profile: low-calorie (< 200 kcal), low-protein (< 10 g), low-fat (< 5 g), moderate-sodium (150–599 mg), low-carb (< 20 g), low-fibre (< 3 g).
User rating: 4.00/5 — very good.
Diet suitability: vegetarian.
Cuisine / style: sri lankan.
Meal type: drink.
Main protein source: not specified.
Cooking method: standard.
Additional attributes: sri lankan, traditional."
doc_00032,Coconut Milk 1st 2nd extractions,20.0,0.2,1.9,177.4,1.3,3.9,4.00,"Recipe: Coconut Milk 1st 2nd extractions.
Nutrition per serving: 20.0 kcal | 0.2 g protein | 1.9 g fat | 177.4 mg sodium | 1.3 g carbs | 3.9 g fibre.
Nutrition profile: low-calorie (< 200 kcal), low-protein (< 10 g), low-fat (< 5 g), moderate-sodium (150–599 mg), low-carb (< 20 g), moderate-fibre (3–7 g).
User rating: 4.00/5 — very good.
Diet suitability: vegetarian.
Cuisine / style: sri lankan.
Meal type: drink.
Main protein source: not specified.
Cooking method: standard.
Additional attributes: sri lankan, traditional."
doc_00033,Coconut Milk 1st extraction,30.0,0.3,2.7,348.0,1.5,3.3,4.00,"Recipe: Coconut Milk 1st extraction.
Nutrition per serving: 30.0 kcal | 0.3 g protein | 2.7 g fat | 348.0 mg sodium | 1.5 g carbs | 3.3 g fibre.
Nutrition profile: low-calorie (< 200 kcal), low-protein (< 10 g), low-fat (< 5 g), moderate-sodium (150–599 mg), low-carb (< 20 g), moderate-fibre (3–7 g).
User rating: 4.00/5 — very good.
Diet suitability: vegetarian.
Cuisine / style: sri lankan.
Meal type: drink.
Main protein source: not specified.
Cooking method: standard.
Additional attributes: sri lankan, traditional."
doc_00034,Coconut Roti,284.0,6.7,6.3,262.5,49.2,2.6,4.50,"Recipe: Coconut Roti.
Nutrition per serving: 284.0 kcal | 6.7 g protein | 6.3 g fat | 262.5 mg sodium | 49.2 g carbs | 2.6 g fibre.
Nutrition profile: moderate-calorie (200–400 kcal), low-protein (< 10 g), moderate-fat (5–14 g), moderate-sodium (150–599 mg), moderate-carb (20–50 g), low-fibre (< 3 g).
User rating: 4.50/5 — outstanding.
Diet suitability: vegetarian.
Cuisine / style: sri lankan.
Meal type: main.
Main protein source: not specified.
Cooking method: traditional sri lankan cooking.
Additional attributes: sri lankan, traditional."
doc_00035,Coconut Sambal,157.0,2.0,13.7,639.0,6.4,3.8,4.00,"Recipe: Coconut Sambal.
Nutrition per serving: 157.0 kcal | 2.0 g protein | 13.7 g fat | 639.0 mg sodium | 6.4 g carbs | 3.8 g fibre.
Nutrition profile: low-calorie (< 200 kcal), low-protein (< 10 g), moderate-fat (5–14 g), high-sodium (≥ 600 mg), low-carb (< 20 g), moderate-fibre (3–7 g).
User rating: 4.00/5 — very good.
Diet suitability: vegetarian.
Cuisine / style: sri lankan.
Meal type: side.
Main protein source: not specified.
Cooking method: standard.
Additional attributes: sri lankan, traditional."
doc_00036,Colombo Curry Sri Lankan Style,250.0,22.0,12.0,467.6,8.0,2.5,4.00,"Recipe: Colombo Curry Sri Lankan Style.
Nutrition per serving: 250.0 kcal | 22.0 g protein | 12.0 g fat | 467.6 mg sodium | 8.0 g carbs | 2.5 g fibre.
Nutrition profile: moderate-calorie (200–400 kcal), moderate-protein (10–24 g), moderate-fat (5–14 g), moderate-sodium (150–599 mg), low-carb (< 20 g), low-fibre (< 3 g).
User rating: 4.00/5 — very good.
Diet suitability: none specified.
Cuisine / style: sri lankan.
Meal type: main.
Main protein source: chicken.
Cooking method: curry.
Additional attributes: colombo, curry, traditional."
doc_00037,Cream Bun,300.0,4.0,15.0,167.3,40.0,2.5,4.00,"Recipe: Cream Bun.
Nutrition per serving: 300.0 kcal | 4.0 g protein | 15.0 g fat | 167.3 mg sodium | 40.0 g carbs | 2.5 g fibre.
Nutrition profile: moderate-calorie (200–400 kcal), low-protein (< 10 g), high-fat (≥ 15 g), moderate-sodium (150–599 mg), moderate-carb (20–50 g), low-fibre (< 3 g).
User rating: 4.00/5 — very good.
Diet suitability: vegetarian.
Cuisine / style: sri lankan.
Meal type: snack.
Main protein source: not specified.
Cooking method: standard.
Additional attributes: sri lankan, traditional."
doc_00038,Cream cracker biscuit,37.0,0.9,1.2,396.0,6.0,0.4,4.00,"Recipe: Cream cracker biscuit.
Nutrition per serving: 37.0 kcal | 0.9 g protein | 1.2 g fat | 396.0 mg sodium | 6.0 g carbs | 0.4 g fibre.
Nutrition profile: low-calorie (< 200 kcal), low-protein (< 10 g), low-fat (< 5 g), moderate-sodium (150–599 mg), low-carb (< 20 g), low-fibre (< 3 g).
User rating: 4.00/5 — very good.
Diet suitability: vegetarian.
Cuisine / style: sri lankan.
Meal type: dessert.
Main protein source: not specified.
Cooking method: standard.
Additional attributes: sri lankan, traditional."
doc_00039,Cucumber Flesh,6.0,0.3,0.1,296.1,1.5,2.8,4.00,"Recipe: Cucumber Flesh.
Nutrition per serving: 6.0 kcal | 0.3 g protein | 0.1 g fat | 296.1 mg sodium | 1.5 g carbs | 2.8 g fibre.
Nutrition profile: low-calorie (< 200 kcal), low-protein (< 10 g), low-fat (< 5 g), moderate-sodium (150–599 mg), low-carb (< 20 g), low-fibre (< 3 g).
User rating: 4.00/5 — very good.
Diet suitability: vegetarian.
Cuisine / style: sri lankan.
Meal type: side.
Main protein source: not specified.
Cooking method: standard.
Additional attributes: sri lankan, traditional."
doc_00040,Cucumber Salad,35.0,1.0,0.0,175.3,7.0,1.6,4.00,"Recipe: Cucumber Salad.
Nutrition per serving: 35.0 kcal | 1.0 g protein | 0.0 g fat | 175.3 mg sodium | 7.0 g carbs | 1.6 g fibre.
Nutrition profile: low-calorie (< 200 kcal), low-protein (< 10 g), low-fat (< 5 g), moderate-sodium (150–599 mg), low-carb (< 20 g), low-fibre (< 3 g).
User rating: 4.00/5 — very good.
Diet suitability: vegetarian.
Cuisine / style: sri lankan.
Meal type: side.
Main protein source: not specified.
Cooking method: standard.
Additional attributes: sri lankan, traditional."
doc_00041,Custard cream biscuit,54.0,0.6,2.0,255.5,9.0,0.6,4.00,"Recipe: Custard cream biscuit.
Nutrition per serving: 54.0 kcal | 0.6 g protein | 2.0 g fat | 255.5 mg sodium | 9.0 g carbs | 0.6 g fibre.
Nutrition profile: low-calorie (< 200 kcal), low-protein (< 10 g), low-fat (< 5 g), moderate-sodium (150–599 mg), low-carb (< 20 g), low-fibre (< 3 g).
User rating: 4.00/5 — very good.
Diet suitability: vegetarian.
Cuisine / style: sri lankan.
Meal type: dessert.
Main protein source: not specified.
Cooking method: standard.
Additional attributes: sri lankan, traditional."
doc_00042,Dark chocolate,282.0,3.0,18.0,207.5,29.0,0.6,4.00,"Recipe: Dark chocolate.
Nutrition per serving: 282.0 kcal | 3.0 g protein | 18.0 g fat | 207.5 mg sodium | 29.0 g carbs | 0.6 g fibre.
Nutrition profile: moderate-calorie (200–400 kcal), low-protein (< 10 g), high-fat (≥ 15 g), moderate-sodium (150–599 mg), moderate-carb (20–50 g), low-fibre (< 3 g).
User rating: 4.00/5 — very good.
Diet suitability: vegetarian.
Cuisine / style: sri lankan.
Meal type: dessert.
Main protein source: not specified.
Cooking method: standard.
Additional attributes: sri lankan, traditional."
doc_00043,Dhal Curry,100.0,7.0,2.0,631.8,14.0,9.5,4.50,"Recipe: Dhal Curry.
Nutrition per serving: 100.0 kcal | 7.0 g protein | 2.0 g fat | 631.8 mg sodium | 14.0 g carbs | 9.5 g fibre.
Nutrition profile: low-calorie (< 200 kcal), low-protein (< 10 g), low-fat (< 5 g), high-sodium (≥ 600 mg), low-carb (< 20 g), high-fibre (> 7 g).
User rating: 4.50/5 — outstanding.
Diet suitability: vegetarian.
Cuisine / style: sri lankan.
Meal type: main.
Main protein source: lentil.
Cooking method: curry.
Additional attributes: sri lankan, traditional."
doc_00044,Dhal Curry with coconut milk,80.0,5.0,3.5,451.4,12.0,9.2,4.50,"Recipe: Dhal Curry with coconut milk.
Nutrition per serving: 80.0 kcal | 5.0 g protein | 3.5 g fat | 451.4 mg sodium | 12.0 g carbs | 9.2 g fibre.
Nutrition profile: low-calorie (< 200 kcal), low-protein (< 10 g), low-fat (< 5 g), moderate-sodium (150–599 mg), low-carb (< 20 g), high-fibre (> 7 g).
User rating: 4.50/5 — outstanding.
Diet suitability: vegetarian.
Cuisine / style: sri lankan.
Meal type: main.
Main protein source: lentil.
Cooking method: curry.
Additional attributes: sri lankan, traditional."
doc_00045,Dodol,380.0,2.0,12.0,100.1,75.0,0.9,4.00,"Recipe: Dodol.
Nutrition per serving: 380.0 kcal | 2.0 g protein | 12.0 g fat | 100.1 mg sodium | 75.0 g carbs | 0.9 g fibre.
Nutrition profile: moderate-calorie (200–400 kcal), low-protein (< 10 g), moderate-fat (5–14 g), low-sodium (< 150 mg), high-carb (> 50 g), low-fibre (< 3 g).
User rating: 4.00/5 — very good.
Diet suitability: vegetarian.
Cuisine / style: sri lankan.
Meal type: dessert.
Main protein source: not specified.
Cooking method: standard.
Additional attributes: sri lankan, traditional."
doc_00046,Egg,70.0,6.0,5.0,284.1,0.4,1.9,4.00,"Recipe: Egg.
Nutrition per serving: 70.0 kcal | 6.0 g protein | 5.0 g fat | 284.1 mg sodium | 0.4 g carbs | 1.9 g fibre.
Nutrition profile: low-calorie (< 200 kcal), low-protein (< 10 g), moderate-fat (5–14 g), moderate-sodium (150–599 mg), low-carb (< 20 g), low-fibre (< 3 g).
User rating: 4.00/5 — very good.
Diet suitability: vegetarian.
Cuisine / style: sri lankan.
Meal type: main.
Main protein source: egg.
Cooking method: standard.
Additional attributes: sri lankan, traditional."
doc_00047,Egg Hoppers,160.0,8.0,7.0,159.7,18.0,2.2,4.50,"Recipe: Egg Hoppers.
Nutrition per serving: 160.0 kcal | 8.0 g protein | 7.0 g fat | 159.7 mg sodium | 18.0 g carbs | 2.2 g fibre.
Nutrition profile: low-calorie (< 200 kcal), low-protein (< 10 g), moderate-fat (5–14 g), moderate-sodium (150–599 mg), low-carb (< 20 g), low-fibre (< 3 g).
User rating: 4.50/5 — outstanding.
Diet suitability: none specified.
Cuisine / style: sri lankan.
Meal type: breakfast.
Main protein source: egg.
Cooking method: traditional sri lankan cooking.
Additional attributes: hoppers, breakfast."
doc_00048,Egg Yolk,52.0,2.5,4.2,228.9,0.6,0.5,4.00,"Recipe: Egg Yolk.
Nutrition per serving: 52.0 kcal | 2.5 g protein | 4.2 g fat | 228.9 mg sodium | 0.6 g carbs | 0.5 g fibre.
Nutrition profile: low-calorie (< 200 kcal), low-protein (< 10 g), low-fat (< 5 g), moderate-sodium (150–599 mg), low-carb (< 20 g), low-fibre (< 3 g).
User rating: 4.00/5 — very good.
Diet suitability: none specified.
Cuisine / style: sri lankan.
Meal type: main.
Main protein source: egg.
Cooking method: standard.
Additional attributes: sri lankan, traditional."
doc_00049,Fried Halmesso,75.0,7.5,4.5,581.8,0.0,1.1,4.00,"Recipe: Fried Halmesso.
Nutrition per serving: 75.0 kcal | 7.5 g protein | 4.5 g fat | 581.8 mg sodium | 0.0 g carbs | 1.1 g fibre.
Nutrition profile: low-calorie (< 200 kcal), low-protein (< 10 g), low-fat (< 5 g), moderate-sodium (150–599 mg), low-carb (< 20 g), low-fibre (< 3 g).
User rating: 4.00/5 — very good.
Diet suitability: vegetarian.
Cuisine / style: sri lankan.
Meal type: side.
Main protein source: not specified.
Cooking method: fry.
Additional attributes: sri lankan, traditional."
doc_00050,Fried Karawala,85.0,9.0,5.0,736.7,0.0,1.6,4.00,"Recipe: Fried Karawala.
Nutrition per serving: 85.0 kcal | 9.0 g protein | 5.0 g fat | 736.7 mg sodium | 0.0 g carbs | 1.6 g fibre.
Nutrition profile: low-calorie (< 200 kcal), low-protein (< 10 g), moderate-fat (5–14 g), high-sodium (≥ 600 mg), low-carb (< 20 g), low-fibre (< 3 g).
User rating: 4.00/5 — very good.
Diet suitability: none specified.
Cuisine / style: sri lankan.
Meal type: main.
Main protein source: not specified.
Cooking method: fry.
Additional attributes: sri lankan, traditional."
doc_00051,Fruit & Nut ice cream,230.0,3.9,9.0,13.0,34.0,4.7,4.00,"Recipe: Fruit & Nut ice cream.
Nutrition per serving: 230.0 kcal | 3.9 g protein | 9.0 g fat | 13.0 mg sodium | 34.0 g carbs | 4.7 g fibre.
Nutrition profile: moderate-calorie (200–400 kcal), low-protein (< 10 g), moderate-fat (5–14 g), low-sodium (< 150 mg), moderate-carb (20–50 g), moderate-fibre (3–7 g).
User rating: 4.00/5 — very good.
Diet suitability: vegetarian.
Cuisine / style: sri lankan.
Meal type: dessert.
Main protein source: not specified.
Cooking method: standard.
Additional attributes: sri lankan, traditional."
doc_00052,Gal Banis,400.0,7.0,13.0,200.3,65.0,1.6,4.00,"Recipe: Gal Banis.
Nutrition per serving: 400.0 kcal | 7.0 g protein | 13.0 g fat | 200.3 mg sodium | 65.0 g carbs | 1.6 g fibre.
Nutrition profile: high-calorie (400–700 kcal), low-protein (< 10 g), moderate-fat (5–14 g), moderate-sodium (150–599 mg), high-carb (> 50 g), low-fibre (< 3 g).
User rating: 4.00/5 — very good.
Diet suitability: vegetarian.
Cuisine / style: sri lankan.
Meal type: snack.
Main protein source: not specified.
Cooking method: standard.
Additional attributes: sri lankan, traditional."
doc_00053,Garlic Murukku,500.0,8.0,25.0,392.2,55.0,2.9,4.00,"Recipe: Garlic Murukku.
Nutrition per serving: 500.0 kcal | 8.0 g protein | 25.0 g fat | 392.2 mg sodium | 55.0 g carbs | 2.9 g fibre.
Nutrition profile: high-calorie (400–700 kcal), low-protein (< 10 g), high-fat (≥ 15 g), moderate-sodium (150–599 mg), high-carb (> 50 g), low-fibre (< 3 g).
User rating: 4.00/5 — very good.
Diet suitability: vegetarian.
Cuisine / style: sri lankan.
Meal type: snack.
Main protein source: not specified.
Cooking method: standard.
Additional attributes: sri lankan, traditional."
doc_00054,Ginger Finger Biscuit,18.0,0.2,0.5,197.6,2.8,0.8,4.00,"Recipe: Ginger Finger Biscuit.
Nutrition per serving: 18.0 kcal | 0.2 g protein | 0.5 g fat | 197.6 mg sodium | 2.8 g carbs | 0.8 g fibre.
Nutrition profile: low-calorie (< 200 kcal), low-protein (< 10 g), low-fat (< 5 g), moderate-sodium (150–599 mg), low-carb (< 20 g), low-fibre (< 3 g).
User rating: 4.00/5 — very good.
Diet suitability: vegetarian.
Cuisine / style: sri lankan.
Meal type: dessert.
Main protein source: not specified.
Cooking method: standard.
Additional attributes: sri lankan, traditional."
doc_00055,Godamba Roti,310.0,7.0,9.0,118.3,50.0,1.6,4.00,"Recipe: Godamba Roti.
Nutrition per serving: 310.0 kcal | 7.0 g protein | 9.0 g fat | 118.3 mg sodium | 50.0 g carbs | 1.6 g fibre.
Nutrition profile: moderate-calorie (200–400 kcal), low-protein (< 10 g), moderate-fat (5–14 g), low-sodium (< 150 mg), moderate-carb (20–50 g), low-fibre (< 3 g).
User rating: 4.00/5 — very good.
Diet suitability: vegetarian.
Cuisine / style: sri lankan.
Meal type: main.
Main protein source: not specified.
Cooking method: fry.
Additional attributes: roti, street food."
doc_00056,Gold Marie biscuit,17.0,0.3,0.4,332.3,2.8,1.1,4.00,"Recipe: Gold Marie biscuit.
Nutrition per serving: 17.0 kcal | 0.3 g protein | 0.4 g fat | 332.3 mg sodium | 2.8 g carbs | 1.1 g fibre.
Nutrition profile: low-calorie (< 200 kcal), low-protein (< 10 g), low-fat (< 5 g), moderate-sodium (150–599 mg), low-carb (< 20 g), low-fibre (< 3 g).
User rating: 4.00/5 — very good.
Diet suitability: vegetarian.
Cuisine / style: sri lankan.
Meal type: dessert.
Main protein source: not specified.
Cooking method: standard.
Additional attributes: sri lankan, traditional."
doc_00057,Gotukola Kanji Herbal Porridge,90.0,3.0,2.0,155.9,16.0,5.8,4.00,"Recipe: Gotukola Kanji Herbal Porridge.
Nutrition per serving: 90.0 kcal | 3.0 g protein | 2.0 g fat | 155.9 mg sodium | 16.0 g carbs | 5.8 g fibre.
Nutrition profile: low-calorie (< 200 kcal), low-protein (< 10 g), low-fat (< 5 g), moderate-sodium (150–599 mg), low-carb (< 20 g), moderate-fibre (3–7 g).
User rating: 4.00/5 — very good.
Diet suitability: vegan.
Cuisine / style: sri lankan.
Meal type: breakfast.
Main protein source: not specified.
Cooking method: boil.
Additional attributes: gotukola, herbal, healthy, porridge."
doc_00058,Gotukola Sambol Pennywort Salad,50.0,2.0,3.0,423.3,5.0,8.6,4.00,"Recipe: Gotukola Sambol Pennywort Salad.
Nutrition per serving: 50.0 kcal | 2.0 g protein | 3.0 g fat | 423.3 mg sodium | 5.0 g carbs | 8.6 g fibre.
Nutrition profile: low-calorie (< 200 kcal), low-protein (< 10 g), low-fat (< 5 g), moderate-sodium (150–599 mg), low-carb (< 20 g), high-fibre (> 7 g).
User rating: 4.00/5 — very good.
Diet suitability: vegan.
Cuisine / style: sri lankan.
Meal type: side.
Main protein source: not specified.
Cooking method: mix.
Additional attributes: gotukola, healthy, pennywort."
doc_00059,Greek Yogurt,100.0,10.0,5.0,275.7,4.0,2.7,4.00,"Recipe: Greek Yogurt.
Nutrition per serving: 100.0 kcal | 10.0 g protein | 5.0 g fat | 275.7 mg sodium | 4.0 g carbs | 2.7 g fibre.
Nutrition profile: low-calorie (< 200 kcal), moderate-protein (10–24 g), moderate-fat (5–14 g), moderate-sodium (150–599 mg), low-carb (< 20 g), low-fibre (< 3 g).
User rating: 4.00/5 — very good.
Diet suitability: vegetarian.
Cuisine / style: sri lankan.
Meal type: drink.
Main protein source: not specified.
Cooking method: standard.
Additional attributes: sri lankan, traditional."
doc_00060,Guava,37.0,1.0,0.2,320.4,9.2,3.6,4.00,"Recipe: Guava.
Nutrition per serving: 37.0 kcal | 1.0 g protein | 0.2 g fat | 320.4 mg sodium | 9.2 g carbs | 3.6 g fibre.
Nutrition profile: low-calorie (< 200 kcal), low-protein (< 10 g), low-fat (< 5 g), moderate-sodium (150–599 mg), low-carb (< 20 g), moderate-fibre (3–7 g).
User rating: 4.00/5 — very good.
Diet suitability: vegetarian.
Cuisine / style: sri lankan.
Meal type: side.
Main protein source: not specified.
Cooking method: standard.
Additional attributes: sri lankan, traditional."
doc_00061,Hawaiian cookie,25.6,0.3,1.1,365.4,3.5,0.6,4.00,"Recipe: Hawaiian cookie.
Nutrition per serving: 25.6 kcal | 0.3 g protein | 1.1 g fat | 365.4 mg sodium | 3.5 g carbs | 0.6 g fibre.
Nutrition profile: low-calorie (< 200 kcal), low-protein (< 10 g), low-fat (< 5 g), moderate-sodium (150–599 mg), low-carb (< 20 g), low-fibre (< 3 g).
User rating: 4.00/5 — very good.
Diet suitability: vegetarian.
Cuisine / style: sri lankan.
Meal type: dessert.
Main protein source: not specified.
Cooking method: standard.
Additional attributes: sri lankan, traditional."
doc_00062,Helapa,440.0,11.0,17.0,369.7,80.0,2.7,4.00,"Recipe: Helapa.
Nutrition per serving: 440.0 kcal | 11.0 g protein | 17.0 g fat | 369.7 mg sodium | 80.0 g carbs | 2.7 g fibre.
Nutrition profile: high-calorie (400–700 kcal), moderate-protein (10–24 g), high-fat (≥ 15 g), moderate-sodium (150–599 mg), high-carb (> 50 g), low-fibre (< 3 g).
User rating: 4.00/5 — very good.
Diet suitability: vegetarian.
Cuisine / style: sri lankan.
Meal type: dessert.
Main protein source: not specified.
Cooking method: standard.
Additional attributes: sri lankan, traditional."
doc_00063,Hoppers,120.0,3.0,4.0,301.5,20.0,3.1,4.50,"Recipe: Hoppers.
Nutrition per serving: 120.0 kcal | 3.0 g protein | 4.0 g fat | 301.5 mg sodium | 20.0 g carbs | 3.1 g fibre.
Nutrition profile: low-calorie (< 200 kcal), low-protein (< 10 g), low-fat (< 5 g), moderate-sodium (150–599 mg), moderate-carb (20–50 g), moderate-fibre (3–7 g).
User rating: 4.50/5 — outstanding.
Diet suitability: vegetarian.
Cuisine / style: sri lankan.
Meal type: breakfast.
Main protein source: not specified.
Cooking method: traditional sri lankan cooking.
Additional attributes: sri lankan, traditional."
doc_00064,Idiyappam,180.0,3.0,0.5,352.4,40.0,1.0,4.00,"Recipe: Idiyappam.
Nutrition per serving: 180.0 kcal | 3.0 g protein | 0.5 g fat | 352.4 mg sodium | 40.0 g carbs | 1.0 g fibre.
Nutrition profile: low-calorie (< 200 kcal), low-protein (< 10 g), low-fat (< 5 g), moderate-sodium (150–599 mg), moderate-carb (20–50 g), low-fibre (< 3 g).
User rating: 4.00/5 — very good.
Diet suitability: vegetarian.
Cuisine / style: sri lankan.
Meal type: main.
Main protein source: not specified.
Cooking method: traditional sri lankan cooking.
Additional attributes: sri lankan, traditional."
doc_00065,Indi Appa Tamil Style String Hoppers,180.0,4.0,1.0,248.9,38.0,3.9,4.50,"Recipe: Indi Appa Tamil Style String Hoppers.
Nutrition per serving: 180.0 kcal | 4.0 g protein | 1.0 g fat | 248.9 mg sodium | 38.0 g carbs | 3.9 g fibre.
Nutrition profile: low-calorie (< 200 kcal), low-protein (< 10 g), low-fat (< 5 g), moderate-sodium (150–599 mg), moderate-carb (20–50 g), moderate-fibre (3–7 g).
User rating: 4.50/5 — outstanding.
Diet suitability: vegan.
Cuisine / style: sri lankan.
Meal type: breakfast.
Main protein source: not specified.
Cooking method: steam.
Additional attributes: indi appa, string hoppers, tamil."
doc_00066,Jackfruit,33.0,0.6,0.2,15.4,8.2,7.6,4.00,"Recipe: Jackfruit.
Nutrition per serving: 33.0 kcal | 0.6 g protein | 0.2 g fat | 15.4 mg sodium | 8.2 g carbs | 7.6 g fibre.
Nutrition profile: low-calorie (< 200 kcal), low-protein (< 10 g), low-fat (< 5 g), low-sodium (< 150 mg), low-carb (< 20 g), high-fibre (> 7 g).
User rating: 4.00/5 — very good.
Diet suitability: vegetarian.
Cuisine / style: sri lankan.
Meal type: side.
Main protein source: not specified.
Cooking method: standard.
Additional attributes: sri lankan, traditional."
doc_00067,Jaffna Adikoozh Millet Porridge,180.0,5.0,2.0,362.4,38.0,1.1,4.00,"Recipe: Jaffna Adikoozh Millet Porridge.
Nutrition per serving: 180.0 kcal | 5.0 g protein | 2.0 g fat | 362.4 mg sodium | 38.0 g carbs | 1.1 g fibre.
Nutrition profile: low-calorie (< 200 kcal), low-protein (< 10 g), low-fat (< 5 g), moderate-sodium (150–599 mg), moderate-carb (20–50 g), low-fibre (< 3 g).
User rating: 4.00/5 — very good.
Diet suitability: vegan.
Cuisine / style: sri lankan.
Meal type: breakfast.
Main protein source: not specified.
Cooking method: boil.
Additional attributes: adikoozh, millet, porridge, traditional, tamil."
doc_00068,Jaffna Chicken 65,280.0,28.0,14.0,199.8,12.0,0.0,4.50,"Recipe: Jaffna Chicken 65.
Nutrition per serving: 280.0 kcal | 28.0 g protein | 14.0 g fat | 199.8 mg sodium | 12.0 g carbs | 0.0 g fibre.
Nutrition profile: moderate-calorie (200–400 kcal), high-protein (≥ 25 g), moderate-fat (5–14 g), moderate-sodium (150–599 mg), low-carb (< 20 g), low-fibre (< 3 g).
User rating: 4.50/5 — outstanding.
Diet suitability: none specified.
Cuisine / style: sri lankan.
Meal type: snack.
Main protein source: chicken.
Cooking method: fry.
Additional attributes: chicken 65, jaffna, spicy, popular."
doc_00069,Jaffna Chicken Curry,220.0,28.0,10.0,420.4,5.0,1.1,4.50,"Recipe: Jaffna Chicken Curry.
Nutrition per serving: 220.0 kcal | 28.0 g protein | 10.0 g fat | 420.4 mg sodium | 5.0 g carbs | 1.1 g fibre.
Nutrition profile: moderate-calorie (200–400 kcal), high-protein (≥ 25 g), moderate-fat (5–14 g), moderate-sodium (150–599 mg), low-carb (< 20 g), low-fibre (< 3 g).
User rating: 4.50/5 — outstanding.
Diet suitability: none specified.
Cuisine / style: sri lankan.
Meal type: main.
Main protein source: chicken.
Cooking method: curry.
Additional attributes: jaffna, tamil, spicy, aromatic."
doc_00070,Jaffna Crab Curry,240.0,25.0,11.0,472.0,5.0,1.2,4.50,"Recipe: Jaffna Crab Curry.
Nutrition per serving: 240.0 kcal | 25.0 g protein | 11.0 g fat | 472.0 mg sodium | 5.0 g carbs | 1.2 g fibre.
Nutrition profile: moderate-calorie (200–400 kcal), high-protein (≥ 25 g), moderate-fat (5–14 g), moderate-sodium (150–599 mg), low-carb (< 20 g), low-fibre (< 3 g).
User rating: 4.50/5 — outstanding.
Diet suitability: none specified.
Cuisine / style: sri lankan.
Meal type: main.
Main protein source: crab.
Cooking method: curry.
Additional attributes: jaffna, tamil, seafood, crab."
doc_00071,Jaffna Fish Curry,185.0,22.0,8.0,561.9,4.0,0.9,4.50,"Recipe: Jaffna Fish Curry.
Nutrition per serving: 185.0 kcal | 22.0 g protein | 8.0 g fat | 561.9 mg sodium | 4.0 g carbs | 0.9 g fibre.
Nutrition profile: low-calorie (< 200 kcal), moderate-protein (10–24 g), moderate-fat (5–14 g), moderate-sodium (150–599 mg), low-carb (< 20 g), low-fibre (< 3 g).
User rating: 4.50/5 — outstanding.
Diet suitability: none specified.
Cuisine / style: sri lankan.
Meal type: main.
Main protein source: fish.
Cooking method: curry.
Additional attributes: jaffna, tamil, spicy."
doc_00072,Jaffna Kool Seafood Broth,180.0,16.0,6.0,636.6,18.0,2.8,4.50,"Recipe: Jaffna Kool Seafood Broth.
Nutrition per serving: 180.0 kcal | 16.0 g protein | 6.0 g fat | 636.6 mg sodium | 18.0 g carbs | 2.8 g fibre.
Nutrition profile: low-calorie (< 200 kcal), moderate-protein (10–24 g), moderate-fat (5–14 g), high-sodium (≥ 600 mg), low-carb (< 20 g), low-fibre (< 3 g).
User rating: 4.50/5 — outstanding.
Diet suitability: none specified.
Cuisine / style: sri lankan.
Meal type: side.
Main protein source: fish.
Cooking method: boil.
Additional attributes: jaffna kool, traditional, seafood broth, tamil."
doc_00073,Jaffna Mutton Curry,290.0,26.0,16.0,300.2,5.0,0.6,4.50,"Recipe: Jaffna Mutton Curry.
Nutrition per serving: 290.0 kcal | 26.0 g protein | 16.0 g fat | 300.2 mg sodium | 5.0 g carbs | 0.6 g fibre.
Nutrition profile: moderate-calorie (200–400 kcal), high-protein (≥ 25 g), high-fat (≥ 15 g), moderate-sodium (150–599 mg), low-carb (< 20 g), low-fibre (< 3 g).
User rating: 4.50/5 — outstanding.
Diet suitability: none specified.
Cuisine / style: sri lankan.
Meal type: main.
Main protein source: mutton.
Cooking method: curry.
Additional attributes: jaffna, tamil, slow cook."
doc_00074,Jaffna Mutton Rolls,250.0,14.0,12.0,253.6,24.0,1.3,4.00,"Recipe: Jaffna Mutton Rolls.
Nutrition per serving: 250.0 kcal | 14.0 g protein | 12.0 g fat | 253.6 mg sodium | 24.0 g carbs | 1.3 g fibre.
Nutrition profile: moderate-calorie (200–400 kcal), moderate-protein (10–24 g), moderate-fat (5–14 g), moderate-sodium (150–599 mg), moderate-carb (20–50 g), low-fibre (< 3 g).
User rating: 4.00/5 — very good.
Diet suitability: none specified.
Cuisine / style: sri lankan.
Meal type: snack.
Main protein source: mutton.
Cooking method: fry.
Additional attributes: rolls, mutton, jaffna, short eats."
doc_00075,Jaffna Prawn Curry,200.0,22.0,9.0,476.9,5.0,0.4,4.50,"Recipe: Jaffna Prawn Curry.
Nutrition per serving: 200.0 kcal | 22.0 g protein | 9.0 g fat | 476.9 mg sodium | 5.0 g carbs | 0.4 g fibre.
Nutrition profile: moderate-calorie (200–400 kcal), moderate-protein (10–24 g), moderate-fat (5–14 g), moderate-sodium (150–599 mg), low-carb (< 20 g), low-fibre (< 3 g).
User rating: 4.50/5 — outstanding.
Diet suitability: none specified.
Cuisine / style: sri lankan.
Meal type: main.
Main protein source: prawn.
Cooking method: curry.
Additional attributes: jaffna, tamil, seafood."
doc_00076,Jaffna Rasam,60.0,3.0,2.0,809.2,8.0,2.5,4.00,"Recipe: Jaffna Rasam.
Nutrition per serving: 60.0 kcal | 3.0 g protein | 2.0 g fat | 809.2 mg sodium | 8.0 g carbs | 2.5 g fibre.
Nutrition profile: low-calorie (< 200 kcal), low-protein (< 10 g), low-fat (< 5 g), high-sodium (≥ 600 mg), low-carb (< 20 g), low-fibre (< 3 g).
User rating: 4.00/5 — very good.
Diet suitability: vegan.
Cuisine / style: sri lankan.
Meal type: side.
Main protein source: not specified.
Cooking method: boil.
Additional attributes: rasam, soup, tamil, spicy, digestive."
doc_00077,Jaffna Sambar,120.0,6.0,4.0,308.2,18.0,1.7,4.50,"Recipe: Jaffna Sambar.
Nutrition per serving: 120.0 kcal | 6.0 g protein | 4.0 g fat | 308.2 mg sodium | 18.0 g carbs | 1.7 g fibre.
Nutrition profile: low-calorie (< 200 kcal), low-protein (< 10 g), low-fat (< 5 g), moderate-sodium (150–599 mg), low-carb (< 20 g), low-fibre (< 3 g).
User rating: 4.50/5 — outstanding.
Diet suitability: vegan.
Cuisine / style: sri lankan.
Meal type: side.
Main protein source: lentil.
Cooking method: boil.
Additional attributes: sambar, lentil, vegetable, tamil, jaffna."
doc_00078,Jaffna Sothi Coconut Milk Gravy,130.0,3.0,10.0,318.2,9.0,2.7,4.50,"Recipe: Jaffna Sothi Coconut Milk Gravy.
Nutrition per serving: 130.0 kcal | 3.0 g protein | 10.0 g fat | 318.2 mg sodium | 9.0 g carbs | 2.7 g fibre.
Nutrition profile: low-calorie (< 200 kcal), low-protein (< 10 g), moderate-fat (5–14 g), moderate-sodium (150–599 mg), low-carb (< 20 g), low-fibre (< 3 g).
User rating: 4.50/5 — outstanding.
Diet suitability: vegan.
Cuisine / style: sri lankan.
Meal type: side.
Main protein source: not specified.
Cooking method: boil.
Additional attributes: sothi, coconut gravy, jaffna, tamil."
doc_00079,Jaffna Thosai Fermented Rice Crepe,160.0,5.0,4.0,121.2,28.0,2.5,4.50,"Recipe: Jaffna Thosai Fermented Rice Crepe.
Nutrition per serving: 160.0 kcal | 5.0 g protein | 4.0 g fat | 121.2 mg sodium | 28.0 g carbs | 2.5 g fibre.
Nutrition profile: low-calorie (< 200 kcal), low-protein (< 10 g), low-fat (< 5 g), low-sodium (< 150 mg), moderate-carb (20–50 g), low-fibre (< 3 g).
User rating: 4.50/5 — outstanding.
Diet suitability: vegan.
Cuisine / style: sri lankan.
Meal type: breakfast.
Main protein source: not specified.
Cooking method: ferment and cook.
Additional attributes: thosai, dosa, tamil, jaffna, breakfast."
doc_00080,Jaffna Ulundu Vadai Lentil Fritters,200.0,9.0,10.0,349.0,22.0,7.7,4.50,"Recipe: Jaffna Ulundu Vadai Lentil Fritters.
Nutrition per serving: 200.0 kcal | 9.0 g protein | 10.0 g fat | 349.0 mg sodium | 22.0 g carbs | 7.7 g fibre.
Nutrition profile: moderate-calorie (200–400 kcal), low-protein (< 10 g), moderate-fat (5–14 g), moderate-sodium (150–599 mg), moderate-carb (20–50 g), high-fibre (> 7 g).
User rating: 4.50/5 — outstanding.
Diet suitability: vegan.
Cuisine / style: sri lankan.
Meal type: snack.
Main protein source: lentil.
Cooking method: fry.
Additional attributes: ulundu vadai, lentil fritters, jaffna, tamil."
doc_00081,Jaffna Vadai,180.0,8.0,9.0,211.2,20.0,2.0,4.50,"Recipe: Jaffna Vadai.
Nutrition per serving: 180.0 kcal | 8.0 g protein | 9.0 g fat | 211.2 mg sodium | 20.0 g carbs | 2.0 g fibre.
Nutrition profile: low-calorie (< 200 kcal), low-protein (< 10 g), moderate-fat (5–14 g), moderate-sodium (150–599 mg), moderate-carb (20–50 g), low-fibre (< 3 g).
User rating: 4.50/5 — outstanding.
Diet suitability: vegan.
Cuisine / style: sri lankan.
Meal type: snack.
Main protein source: not specified.
Cooking method: fry.
Additional attributes: vadai, jaffna, tamil, snack."
doc_00082,Jam Paan,300.0,7.0,8.0,284.8,55.0,2.5,4.00,"Recipe: Jam Paan.
Nutrition per serving: 300.0 kcal | 7.0 g protein | 8.0 g fat | 284.8 mg sodium | 55.0 g carbs | 2.5 g fibre.
Nutrition profile: moderate-calorie (200–400 kcal), low-protein (< 10 g), moderate-fat (5–14 g), moderate-sodium (150–599 mg), high-carb (> 50 g), low-fibre (< 3 g).
User rating: 4.00/5 — very good.
Diet suitability: vegetarian.
Cuisine / style: sri lankan.
Meal type: main.
Main protein source: not specified.
Cooking method: standard.
Additional attributes: sri lankan, traditional."
doc_00083,Jelly Jujub,14.0,0.0,0.0,399.8,3.4,2.7,4.00,"Recipe: Jelly Jujub.
Nutrition per serving: 14.0 kcal | 0.0 g protein | 0.0 g fat | 399.8 mg sodium | 3.4 g carbs | 2.7 g fibre.
Nutrition profile: low-calorie (< 200 kcal), low-protein (< 10 g), low-fat (< 5 g), moderate-sodium (150–599 mg), low-carb (< 20 g), low-fibre (< 3 g).
User rating: 4.00/5 — very good.
Diet suitability: vegetarian.
Cuisine / style: sri lankan.
Meal type: side.
Main protein source: not specified.
Cooking method: standard.
Additional attributes: sri lankan, traditional."
doc_00084,Kibula Banis,175.0,3.0,4.0,341.5,30.0,1.3,4.00,"Recipe: Kibula Banis.
Nutrition per serving: 175.0 kcal | 3.0 g protein | 4.0 g fat | 341.5 mg sodium | 30.0 g carbs | 1.3 g fibre.
Nutrition profile: low-calorie (< 200 kcal), low-protein (< 10 g), low-fat (< 5 g), moderate-sodium (150–599 mg), moderate-carb (20–50 g), low-fibre (< 3 g).
User rating: 4.00/5 — very good.
Diet suitability: vegetarian.
Cuisine / style: sri lankan.
Meal type: snack.
Main protein source: not specified.
Cooking method: standard.
Additional attributes: sri lankan, traditional."
doc_00085,King Coconut Water Sri Lankan,45.0,0.5,0.1,16.0,9.0,4.5,4.50,"Recipe: King Coconut Water Sri Lankan.
Nutrition per serving: 45.0 kcal | 0.5 g protein | 0.1 g fat | 16.0 mg sodium | 9.0 g carbs | 4.5 g fibre.
Nutrition profile: low-calorie (< 200 kcal), low-protein (< 10 g), low-fat (< 5 g), low-sodium (< 150 mg), low-carb (< 20 g), moderate-fibre (3–7 g).
User rating: 4.50/5 — outstanding.
Diet suitability: vegan.
Cuisine / style: sri lankan.
Meal type: drink.
Main protein source: not specified.
Cooking method: natural.
Additional attributes: king coconut, kurumba, hydration."
doc_00086,Kiri Hodi,100.0,1.0,9.0,216.7,4.0,2.9,4.00,"Recipe: Kiri Hodi.
Nutrition per serving: 100.0 kcal | 1.0 g protein | 9.0 g fat | 216.7 mg sodium | 4.0 g carbs | 2.9 g fibre.
Nutrition profile: low-calorie (< 200 kcal), low-protein (< 10 g), moderate-fat (5–14 g), moderate-sodium (150–599 mg), low-carb (< 20 g), low-fibre (< 3 g).
User rating: 4.00/5 — very good.
Diet suitability: vegetarian.
Cuisine / style: sri lankan.
Meal type: side.
Main protein source: not specified.
Cooking method: standard.
Additional attributes: sri lankan, traditional."
doc_00087,Kiribath,150.0,1.9,7.0,235.1,16.0,1.3,4.50,"Recipe: Kiribath.
Nutrition per serving: 150.0 kcal | 1.9 g protein | 7.0 g fat | 235.1 mg sodium | 16.0 g carbs | 1.3 g fibre.
Nutrition profile: low-calorie (< 200 kcal), low-protein (< 10 g), moderate-fat (5–14 g), moderate-sodium (150–599 mg), low-carb (< 20 g), low-fibre (< 3 g).
User rating: 4.50/5 — outstanding.
Diet suitability: vegetarian.
Cuisine / style: sri lankan.
Meal type: breakfast.
Main protein source: not specified.
Cooking method: traditional sri lankan cooking.
Additional attributes: sri lankan, traditional."
doc_00088,Kiribath Breakfast Plate,350.0,5.0,14.0,399.6,52.0,3.0,4.50,"Recipe: Kiribath Breakfast Plate.
Nutrition per serving: 350.0 kcal | 5.0 g protein | 14.0 g fat | 399.6 mg sodium | 52.0 g carbs | 3.0 g fibre.
Nutrition profile: moderate-calorie (200–400 kcal), low-protein (< 10 g), moderate-fat (5–14 g), moderate-sodium (150–599 mg), high-carb (> 50 g), moderate-fibre (3–7 g).
User rating: 4.50/5 — outstanding.
Diet suitability: vegetarian.
Cuisine / style: sri lankan.
Meal type: breakfast.
Main protein source: not specified.
Cooking method: traditional sri lankan cooking.
Additional attributes: kiribath, milk rice, breakfast."
doc_00089,Kola Mallum,80.0,1.0,5.0,169.9,5.0,1.5,4.00,"Recipe: Kola Mallum.
Nutrition per serving: 80.0 kcal | 1.0 g protein | 5.0 g fat | 169.9 mg sodium | 5.0 g carbs | 1.5 g fibre.
Nutrition profile: low-calorie (< 200 kcal), low-protein (< 10 g), moderate-fat (5–14 g), moderate-sodium (150–599 mg), low-carb (< 20 g), low-fibre (< 3 g).
User rating: 4.00/5 — very good.
Diet suitability: vegetarian.
Cuisine / style: sri lankan.
Meal type: side.
Main protein source: not specified.
Cooking method: standard.
Additional attributes: sri lankan, traditional."
doc_00090,Kotmale Vanilla milk,124.0,3.4,3.0,244.7,21.0,3.0,4.00,"Recipe: Kotmale Vanilla milk.
Nutrition per serving: 124.0 kcal | 3.4 g protein | 3.0 g fat | 244.7 mg sodium | 21.0 g carbs | 3.0 g fibre.
Nutrition profile: low-calorie (< 200 kcal), low-protein (< 10 g), low-fat (< 5 g), moderate-sodium (150–599 mg), moderate-carb (20–50 g), moderate-fibre (3–7 g).
User rating: 4.00/5 — very good.
Diet suitability: vegetarian.
Cuisine / style: sri lankan.
Meal type: drink.
Main protein source: not specified.
Cooking method: standard.
Additional attributes: sri lankan, traditional."
doc_00091,Kottu Roti Beef,560.0,30.0,22.0,381.7,54.0,3.1,4.50,"Recipe: Kottu Roti Beef.
Nutrition per serving: 560.0 kcal | 30.0 g protein | 22.0 g fat | 381.7 mg sodium | 54.0 g carbs | 3.1 g fibre.
Nutrition profile: high-calorie (400–700 kcal), high-protein (≥ 25 g), high-fat (≥ 15 g), moderate-sodium (150–599 mg), high-carb (> 50 g), moderate-fibre (3–7 g).
User rating: 4.50/5 — outstanding.
Diet suitability: none specified.
Cuisine / style: sri lankan.
Meal type: main.
Main protein source: beef.
Cooking method: stir fry.
Additional attributes: kottu, street food."
doc_00092,Kottu Roti Chicken,520.0,28.0,18.0,537.8,58.0,2.9,4.50,"Recipe: Kottu Roti Chicken.
Nutrition per serving: 520.0 kcal | 28.0 g protein | 18.0 g fat | 537.8 mg sodium | 58.0 g carbs | 2.9 g fibre.
Nutrition profile: high-calorie (400–700 kcal), high-protein (≥ 25 g), high-fat (≥ 15 g), moderate-sodium (150–599 mg), high-carb (> 50 g), low-fibre (< 3 g).
User rating: 4.50/5 — outstanding.
Diet suitability: none specified.
Cuisine / style: sri lankan.
Meal type: main.
Main protein source: chicken.
Cooking method: stir fry.
Additional attributes: kottu, street food, spicy."
doc_00093,Kottu Roti Egg,460.0,18.0,16.0,467.7,55.0,2.8,4.50,"Recipe: Kottu Roti Egg.
Nutrition per serving: 460.0 kcal | 18.0 g protein | 16.0 g fat | 467.7 mg sodium | 55.0 g carbs | 2.8 g fibre.
Nutrition profile: high-calorie (400–700 kcal), moderate-protein (10–24 g), high-fat (≥ 15 g), moderate-sodium (150–599 mg), high-carb (> 50 g), low-fibre (< 3 g).
User rating: 4.50/5 — outstanding.
Diet suitability: vegetarian.
Cuisine / style: sri lankan.
Meal type: main.
Main protein source: egg.
Cooking method: stir fry.
Additional attributes: kottu, street food."
doc_00094,Kottu Roti Vegetable,380.0,10.0,12.0,509.1,52.0,6.7,4.00,"Recipe: Kottu Roti Vegetable.
Nutrition per serving: 380.0 kcal | 10.0 g protein | 12.0 g fat | 509.1 mg sodium | 52.0 g carbs | 6.7 g fibre.
Nutrition profile: moderate-calorie (200–400 kcal), moderate-protein (10–24 g), moderate-fat (5–14 g), moderate-sodium (150–599 mg), high-carb (> 50 g), moderate-fibre (3–7 g).
User rating: 4.00/5 — very good.
Diet suitability: vegetarian.
Cuisine / style: sri lankan.
Meal type: main.
Main protein source: not specified.
Cooking method: stir fry.
Additional attributes: kottu, vegetarian."
doc_00095,Kurakkan Pittu,260.0,7.0,4.0,246.0,50.0,7.8,4.00,"Recipe: Kurakkan Pittu.
Nutrition per serving: 260.0 kcal | 7.0 g protein | 4.0 g fat | 246.0 mg sodium | 50.0 g carbs | 7.8 g fibre.
Nutrition profile: moderate-calorie (200–400 kcal), low-protein (< 10 g), low-fat (< 5 g), moderate-sodium (150–599 mg), moderate-carb (20–50 g), high-fibre (> 7 g).
User rating: 4.00/5 — very good.
Diet suitability: vegan.
Cuisine / style: sri lankan.
Meal type: breakfast.
Main protein source: not specified.
Cooking method: steam.
Additional attributes: kurakkan, pittu, finger millet, healthy."
doc_00096,Kurakkan Roti Finger Millet Flatbread,280.0,8.0,6.0,205.0,50.0,8.6,4.00,"Recipe: Kurakkan Roti Finger Millet Flatbread.
Nutrition per serving: 280.0 kcal | 8.0 g protein | 6.0 g fat | 205.0 mg sodium | 50.0 g carbs | 8.6 g fibre.
Nutrition profile: moderate-calorie (200–400 kcal), low-protein (< 10 g), moderate-fat (5–14 g), moderate-sodium (150–599 mg), moderate-carb (20–50 g), high-fibre (> 7 g).
User rating: 4.00/5 — very good.
Diet suitability: vegan.
Cuisine / style: sri lankan.
Meal type: breakfast.
Main protein source: not specified.
Cooking method: cook on griddle.
Additional attributes: kurakkan, finger millet, healthy, traditional."
doc_00097,Kurumba,75.0,2.2,4.1,216.7,8.9,2.3,4.00,"Recipe: Kurumba.
Nutrition per serving: 75.0 kcal | 2.2 g protein | 4.1 g fat | 216.7 mg sodium | 8.9 g carbs | 2.3 g fibre.
Nutrition profile: low-calorie (< 200 kcal), low-protein (< 10 g), low-fat (< 5 g), moderate-sodium (150–599 mg), low-carb (< 20 g), low-fibre (< 3 g).
User rating: 4.00/5 — very good.
Diet suitability: vegetarian.
Cuisine / style: sri lankan.
Meal type: side.
Main protein source: not specified.
Cooking method: standard.
Additional attributes: sri lankan, traditional."
doc_00098,Lavariya,310.0,4.0,10.0,216.3,65.0,2.7,4.00,"Recipe: Lavariya.
Nutrition per serving: 310.0 kcal | 4.0 g protein | 10.0 g fat | 216.3 mg sodium | 65.0 g carbs | 2.7 g fibre.
Nutrition profile: moderate-calorie (200–400 kcal), low-protein (< 10 g), moderate-fat (5–14 g), moderate-sodium (150–599 mg), high-carb (> 50 g), low-fibre (< 3 g).
User rating: 4.00/5 — very good.
Diet suitability: vegetarian.
Cuisine / style: sri lankan.
Meal type: dessert.
Main protein source: not specified.
Cooking method: standard.
Additional attributes: sri lankan, traditional."
doc_00099,Lemon puff,59.0,0.7,2.3,383.9,8.7,2.1,4.00,"Recipe: Lemon puff.
Nutrition per serving: 59.0 kcal | 0.7 g protein | 2.3 g fat | 383.9 mg sodium | 8.7 g carbs | 2.1 g fibre.
Nutrition profile: low-calorie (< 200 kcal), low-protein (< 10 g), low-fat (< 5 g), moderate-sodium (150–599 mg), low-carb (< 20 g), low-fibre (< 3 g).
User rating: 4.00/5 — very good.
Diet suitability: vegetarian.
Cuisine / style: sri lankan.
Meal type: snack.
Main protein source: not specified.
Cooking method: standard.
Additional attributes: sri lankan, traditional."
doc_00100,Lunu Miris,12.0,0.9,0.0,389.3,1.4,1.7,4.00,"Recipe: Lunu Miris.
Nutrition per serving: 12.0 kcal | 0.9 g protein | 0.0 g fat | 389.3 mg sodium | 1.4 g carbs | 1.7 g fibre.
Nutrition profile: low-calorie (< 200 kcal), low-protein (< 10 g), low-fat (< 5 g), moderate-sodium (150–599 mg), low-carb (< 20 g), low-fibre (< 3 g).
User rating: 4.00/5 — very good.
Diet suitability: vegetarian.
Cuisine / style: sri lankan.
Meal type: side.
Main protein source: not specified.
Cooking method: standard.
Additional attributes: sri lankan, traditional."
doc_00101,Lunu Miris Chilli Onion Sambol,25.0,1.0,0.5,618.4,4.0,2.7,4.00,"Recipe: Lunu Miris Chilli Onion Sambol.
Nutrition per serving: 25.0 kcal | 1.0 g protein | 0.5 g fat | 618.4 mg sodium | 4.0 g carbs | 2.7 g fibre.
Nutrition profile: low-calorie (< 200 kcal), low-protein (< 10 g), low-fat (< 5 g), high-sodium (≥ 600 mg), low-carb (< 20 g), low-fibre (< 3 g).
User rating: 4.00/5 — very good.
Diet suitability: vegan.
Cuisine / style: sri lankan.
Meal type: side.
Main protein source: not specified.
Cooking method: grind.
Additional attributes: lunu miris, spicy, condiment."
doc_00102,Mango Chutney,60.0,0.5,0.0,12.4,15.0,4.8,4.00,"Recipe: Mango Chutney.
Nutrition per serving: 60.0 kcal | 0.5 g protein | 0.0 g fat | 12.4 mg sodium | 15.0 g carbs | 4.8 g fibre.
Nutrition profile: low-calorie (< 200 kcal), low-protein (< 10 g), low-fat (< 5 g), low-sodium (< 150 mg), low-carb (< 20 g), moderate-fibre (3–7 g).
User rating: 4.00/5 — very good.
Diet suitability: vegetarian.
Cuisine / style: sri lankan.
Meal type: side.
Main protein source: not specified.
Cooking method: standard.
Additional attributes: sri lankan, traditional."
doc_00103,Mango Chutney with Sugar,200.0,0.5,0.0,35.7,50.0,2.9,4.00,"Recipe: Mango Chutney with Sugar.
Nutrition per serving: 200.0 kcal | 0.5 g protein | 0.0 g fat | 35.7 mg sodium | 50.0 g carbs | 2.9 g fibre.
Nutrition profile: moderate-calorie (200–400 kcal), low-protein (< 10 g), low-fat (< 5 g), low-sodium (< 150 mg), moderate-carb (20–50 g), low-fibre (< 3 g).
User rating: 4.00/5 — very good.
Diet suitability: vegetarian.
Cuisine / style: sri lankan.
Meal type: side.
Main protein source: not specified.
Cooking method: standard.
Additional attributes: sri lankan, traditional."
doc_00104,Marie biscuit,17.0,0.3,0.4,268.2,2.8,1.2,4.00,"Recipe: Marie biscuit.
Nutrition per serving: 17.0 kcal | 0.3 g protein | 0.4 g fat | 268.2 mg sodium | 2.8 g carbs | 1.2 g fibre.
Nutrition profile: low-calorie (< 200 kcal), low-protein (< 10 g), low-fat (< 5 g), moderate-sodium (150–599 mg), low-carb (< 20 g), low-fibre (< 3 g).
User rating: 4.00/5 — very good.
Diet suitability: vegetarian.
Cuisine / style: sri lankan.
Meal type: dessert.
Main protein source: not specified.
Cooking method: standard.
Additional attributes: sri lankan, traditional."
doc_00105,Milk cream biscuit,56.0,0.6,2.5,203.6,8.5,0.5,4.00,"Recipe: Milk cream biscuit.
Nutrition per serving: 56.0 kcal | 0.6 g protein | 2.5 g fat | 203.6 mg sodium | 8.5 g carbs | 0.5 g fibre.
Nutrition profile: low-calorie (< 200 kcal), low-protein (< 10 g), low-fat (< 5 g), moderate-sodium (150–599 mg), low-carb (< 20 g), low-fibre (< 3 g).
User rating: 4.00/5 — very good.
Diet suitability: vegetarian.
Cuisine / style: sri lankan.
Meal type: dessert.
Main protein source: not specified.
Cooking method: standard.
Additional attributes: sri lankan, traditional."
doc_00106,Mun Kawum,450.0,5.0,18.0,150.1,70.0,1.6,4.00,"Recipe: Mun Kawum.
Nutrition per serving: 450.0 kcal | 5.0 g protein | 18.0 g fat | 150.1 mg sodium | 70.0 g carbs | 1.6 g fibre.
Nutrition profile: high-calorie (400–700 kcal), low-protein (< 10 g), high-fat (≥ 15 g), moderate-sodium (150–599 mg), high-carb (> 50 g), low-fibre (< 3 g).
User rating: 4.00/5 — very good.
Diet suitability: vegetarian.
Cuisine / style: sri lankan.
Meal type: side.
Main protein source: not specified.
Cooking method: standard.
Additional attributes: sri lankan, traditional."
doc_00107,Murukku,550.0,9.0,38.0,362.2,50.0,1.3,4.00,"Recipe: Murukku.
Nutrition per serving: 550.0 kcal | 9.0 g protein | 38.0 g fat | 362.2 mg sodium | 50.0 g carbs | 1.3 g fibre.
Nutrition profile: high-calorie (400–700 kcal), low-protein (< 10 g), high-fat (≥ 15 g), moderate-sodium (150–599 mg), moderate-carb (20–50 g), low-fibre (< 3 g).
User rating: 4.00/5 — very good.
Diet suitability: vegetarian.
Cuisine / style: sri lankan.
Meal type: snack.
Main protein source: not specified.
Cooking method: standard.
Additional attributes: sri lankan, traditional."
doc_00108,Necto,30.0,0.0,0.0,216.3,7.3,2.6,4.00,"Recipe: Necto.
Nutrition per serving: 30.0 kcal | 0.0 g protein | 0.0 g fat | 216.3 mg sodium | 7.3 g carbs | 2.6 g fibre.
Nutrition profile: low-calorie (< 200 kcal), low-protein (< 10 g), low-fat (< 5 g), moderate-sodium (150–599 mg), low-carb (< 20 g), low-fibre (< 3 g).
User rating: 4.00/5 — very good.
Diet suitability: vegetarian.
Cuisine / style: sri lankan.
Meal type: drink.
Main protein source: not specified.
Cooking method: standard.
Additional attributes: sri lankan, traditional."
doc_00109,Nice biscuit,42.0,0.6,1.6,250.7,6.6,0.7,4.00,"Recipe: Nice biscuit.
Nutrition per serving: 42.0 kcal | 0.6 g protein | 1.6 g fat | 250.7 mg sodium | 6.6 g carbs | 0.7 g fibre.
Nutrition profile: low-calorie (< 200 kcal), low-protein (< 10 g), low-fat (< 5 g), moderate-sodium (150–599 mg), low-carb (< 20 g), low-fibre (< 3 g).
User rating: 4.00/5 — very good.
Diet suitability: vegetarian.
Cuisine / style: sri lankan.
Meal type: dessert.
Main protein source: not specified.
Cooking method: standard.
Additional attributes: sri lankan, traditional."
doc_00110,Oats,150.0,5.0,3.0,389.3,27.0,9.0,4.00,"Recipe: Oats.
Nutrition per serving: 150.0 kcal | 5.0 g protein | 3.0 g fat | 389.3 mg sodium | 27.0 g carbs | 9.0 g fibre.
Nutrition profile: low-calorie (< 200 kcal), low-protein (< 10 g), low-fat (< 5 g), moderate-sodium (150–599 mg), moderate-carb (20–50 g), high-fibre (> 7 g).
User rating: 4.00/5 — very good.
Diet suitability: vegetarian.
Cuisine / style: sri lankan.
Meal type: side.
Main protein source: not specified.
Cooking method: standard.
Additional attributes: sri lankan, traditional."
doc_00111,Olive Oil,120.0,0.0,14.0,170.0,0.0,1.4,4.00,"Recipe: Olive Oil.
Nutrition per serving: 120.0 kcal | 0.0 g protein | 14.0 g fat | 170.0 mg sodium | 0.0 g carbs | 1.4 g fibre.
Nutrition profile: low-calorie (< 200 kcal), low-protein (< 10 g), moderate-fat (5–14 g), moderate-sodium (150–599 mg), low-carb (< 20 g), low-fibre (< 3 g).
User rating: 4.00/5 — very good.
Diet suitability: vegetarian.
Cuisine / style: sri lankan.
Meal type: side.
Main protein source: not specified.
Cooking method: standard.
Additional attributes: sri lankan, traditional."
doc_00112,Orange,62.0,1.2,0.2,152.9,15.4,4.2,4.00,"Recipe: Orange.
Nutrition per serving: 62.0 kcal | 1.2 g protein | 0.2 g fat | 152.9 mg sodium | 15.4 g carbs | 4.2 g fibre.
Nutrition profile: low-calorie (< 200 kcal), low-protein (< 10 g), low-fat (< 5 g), moderate-sodium (150–599 mg), low-carb (< 20 g), moderate-fibre (3–7 g).
User rating: 4.00/5 — very good.
Diet suitability: vegetarian.
Cuisine / style: sri lankan.
Meal type: side.
Main protein source: not specified.
Cooking method: standard.
Additional attributes: sri lankan, traditional."
doc_00113,Orange cream biscuit,54.0,0.6,2.0,255.9,9.0,3.4,4.00,"Recipe: Orange cream biscuit.
Nutrition per serving: 54.0 kcal | 0.6 g protein | 2.0 g fat | 255.9 mg sodium | 9.0 g carbs | 3.4 g fibre.
Nutrition profile: low-calorie (< 200 kcal), low-protein (< 10 g), low-fat (< 5 g), moderate-sodium (150–599 mg), low-carb (< 20 g), moderate-fibre (3–7 g).
User rating: 4.00/5 — very good.
Diet suitability: vegetarian.
Cuisine / style: sri lankan.
Meal type: dessert.
Main protein source: not specified.
Cooking method: standard.
Additional attributes: sri lankan, traditional."
doc_00114,Pani Murukku,46.0,0.8,0.9,260.8,7.5,2.7,4.00,"Recipe: Pani Murukku.
Nutrition per serving: 46.0 kcal | 0.8 g protein | 0.9 g fat | 260.8 mg sodium | 7.5 g carbs | 2.7 g fibre.
Nutrition profile: low-calorie (< 200 kcal), low-protein (< 10 g), low-fat (< 5 g), moderate-sodium (150–599 mg), low-carb (< 20 g), low-fibre (< 3 g).
User rating: 4.00/5 — very good.
Diet suitability: vegetarian.
Cuisine / style: sri lankan.
Meal type: snack.
Main protein source: not specified.
Cooking method: standard.
Additional attributes: sri lankan, traditional."
doc_00115,Papadam,21.0,1.0,1.0,351.8,3.7,2.5,4.00,"Recipe: Papadam.
Nutrition per serving: 21.0 kcal | 1.0 g protein | 1.0 g fat | 351.8 mg sodium | 3.7 g carbs | 2.5 g fibre.
Nutrition profile: low-calorie (< 200 kcal), low-protein (< 10 g), low-fat (< 5 g), moderate-sodium (150–599 mg), low-carb (< 20 g), low-fibre (< 3 g).
User rating: 4.00/5 — very good.
Diet suitability: vegetarian.
Cuisine / style: sri lankan.
Meal type: dessert.
Main protein source: not specified.
Cooking method: standard.
Additional attributes: sri lankan, traditional."
doc_00116,Pasta,393.0,14.0,1.7,255.5,79.0,1.1,4.00,"Recipe: Pasta.
Nutrition per serving: 393.0 kcal | 14.0 g protein | 1.7 g fat | 255.5 mg sodium | 79.0 g carbs | 1.1 g fibre.
Nutrition profile: moderate-calorie (200–400 kcal), moderate-protein (10–24 g), low-fat (< 5 g), moderate-sodium (150–599 mg), high-carb (> 50 g), low-fibre (< 3 g).
User rating: 4.00/5 — very good.
Diet suitability: vegetarian.
Cuisine / style: sri lankan.
Meal type: main.
Main protein source: not specified.
Cooking method: standard.
Additional attributes: sri lankan, traditional."
doc_00117,Peanut Butter,190.0,8.0,16.0,372.6,7.0,1.5,4.00,"Recipe: Peanut Butter.
Nutrition per serving: 190.0 kcal | 8.0 g protein | 16.0 g fat | 372.6 mg sodium | 7.0 g carbs | 1.5 g fibre.
Nutrition profile: low-calorie (< 200 kcal), low-protein (< 10 g), high-fat (≥ 15 g), moderate-sodium (150–599 mg), low-carb (< 20 g), low-fibre (< 3 g).
User rating: 4.00/5 — very good.
Diet suitability: vegetarian.
Cuisine / style: sri lankan.
Meal type: side.
Main protein source: not specified.
Cooking method: standard.
Additional attributes: sri lankan, traditional."
doc_00118,Pittu with Dhal Curry,320.0,12.0,6.0,426.5,58.0,10.0,4.00,"Recipe: Pittu with Dhal Curry.
Nutrition per serving: 320.0 kcal | 12.0 g protein | 6.0 g fat | 426.5 mg sodium | 58.0 g carbs | 10.0 g fibre.
Nutrition profile: moderate-calorie (200–400 kcal), moderate-protein (10–24 g), moderate-fat (5–14 g), moderate-sodium (150–599 mg), high-carb (> 50 g), high-fibre (> 7 g).
User rating: 4.00/5 — very good.
Diet suitability: vegetarian.
Cuisine / style: sri lankan.
Meal type: breakfast.
Main protein source: lentil.
Cooking method: steam.
Additional attributes: pittu, breakfast."
doc_00119,Pol Sambol with Bread,210.0,4.0,14.0,329.0,18.0,2.4,4.00,"Recipe: Pol Sambol with Bread.
Nutrition per serving: 210.0 kcal | 4.0 g protein | 14.0 g fat | 329.0 mg sodium | 18.0 g carbs | 2.4 g fibre.
Nutrition profile: moderate-calorie (200–400 kcal), low-protein (< 10 g), moderate-fat (5–14 g), moderate-sodium (150–599 mg), low-carb (< 20 g), low-fibre (< 3 g).
User rating: 4.00/5 — very good.
Diet suitability: vegetarian.
Cuisine / style: sri lankan.
Meal type: breakfast.
Main protein source: not specified.
Cooking method: mix.
Additional attributes: pol sambol, breakfast."
doc_00120,Quinoa,120.0,4.0,2.0,263.8,21.0,6.7,4.00,"Recipe: Quinoa.
Nutrition per serving: 120.0 kcal | 4.0 g protein | 2.0 g fat | 263.8 mg sodium | 21.0 g carbs | 6.7 g fibre.
Nutrition profile: low-calorie (< 200 kcal), low-protein (< 10 g), low-fat (< 5 g), moderate-sodium (150–599 mg), moderate-carb (20–50 g), moderate-fibre (3–7 g).
User rating: 4.00/5 — very good.
Diet suitability: vegetarian.
Cuisine / style: sri lankan.
Meal type: side.
Main protein source: not specified.
Cooking method: standard.
Additional attributes: sri lankan, traditional."
doc_00121,Raisins,299.0,3.1,0.5,378.2,79.2,2.7,4.00,"Recipe: Raisins.
Nutrition per serving: 299.0 kcal | 3.1 g protein | 0.5 g fat | 378.2 mg sodium | 79.2 g carbs | 2.7 g fibre.
Nutrition profile: moderate-calorie (200–400 kcal), low-protein (< 10 g), low-fat (< 5 g), moderate-sodium (150–599 mg), high-carb (> 50 g), low-fibre (< 3 g).
User rating: 4.00/5 — very good.
Diet suitability: vegetarian.
Cuisine / style: sri lankan.
Meal type: side.
Main protein source: not specified.
Cooking method: standard.
Additional attributes: sri lankan, traditional."
doc_00122,Red Rice,112.0,2.4,0.8,284.1,23.0,3.0,4.00,"Recipe: Red Rice.
Nutrition per serving: 112.0 kcal | 2.4 g protein | 0.8 g fat | 284.1 mg sodium | 23.0 g carbs | 3.0 g fibre.
Nutrition profile: low-calorie (< 200 kcal), low-protein (< 10 g), low-fat (< 5 g), moderate-sodium (150–599 mg), moderate-carb (20–50 g), moderate-fibre (3–7 g).
User rating: 4.00/5 — very good.
Diet suitability: vegetarian.
Cuisine / style: sri lankan.
Meal type: main.
Main protein source: not specified.
Cooking method: traditional sri lankan cooking.
Additional attributes: sri lankan, traditional."
doc_00123,Roast Green Pea,190.0,14.0,4.5,399.0,32.0,2.1,4.00,"Recipe: Roast Green Pea.
Nutrition per serving: 190.0 kcal | 14.0 g protein | 4.5 g fat | 399.0 mg sodium | 32.0 g carbs | 2.1 g fibre.
Nutrition profile: low-calorie (< 200 kcal), moderate-protein (10–24 g), low-fat (< 5 g), moderate-sodium (150–599 mg), moderate-carb (20–50 g), low-fibre (< 3 g).
User rating: 4.00/5 — very good.
Diet suitability: vegetarian.
Cuisine / style: sri lankan.
Meal type: side.
Main protein source: not specified.
Cooking method: roast.
Additional attributes: sri lankan, traditional."
doc_00124,Roast Paan,280.0,8.0,3.0,204.7,55.0,2.0,4.00,"Recipe: Roast Paan.
Nutrition per serving: 280.0 kcal | 8.0 g protein | 3.0 g fat | 204.7 mg sodium | 55.0 g carbs | 2.0 g fibre.
Nutrition profile: moderate-calorie (200–400 kcal), low-protein (< 10 g), low-fat (< 5 g), moderate-sodium (150–599 mg), high-carb (> 50 g), low-fibre (< 3 g).
User rating: 4.00/5 — very good.
Diet suitability: vegetarian.
Cuisine / style: sri lankan.
Meal type: main.
Main protein source: not specified.
Cooking method: roast.
Additional attributes: sri lankan, traditional."
doc_00125,Roast Peanut,300.0,13.0,26.0,165.9,10.0,1.8,4.00,"Recipe: Roast Peanut.
Nutrition per serving: 300.0 kcal | 13.0 g protein | 26.0 g fat | 165.9 mg sodium | 10.0 g carbs | 1.8 g fibre.
Nutrition profile: moderate-calorie (200–400 kcal), moderate-protein (10–24 g), high-fat (≥ 15 g), moderate-sodium (150–599 mg), low-carb (< 20 g), low-fibre (< 3 g).
User rating: 4.00/5 — very good.
Diet suitability: vegetarian.
Cuisine / style: sri lankan.
Meal type: side.
Main protein source: not specified.
Cooking method: roast.
Additional attributes: sri lankan, traditional."
doc_00126,Roasted Gram,200.0,12.0,2.0,392.8,30.0,2.7,4.00,"Recipe: Roasted Gram.
Nutrition per serving: 200.0 kcal | 12.0 g protein | 2.0 g fat | 392.8 mg sodium | 30.0 g carbs | 2.7 g fibre.
Nutrition profile: moderate-calorie (200–400 kcal), moderate-protein (10–24 g), low-fat (< 5 g), moderate-sodium (150–599 mg), moderate-carb (20–50 g), low-fibre (< 3 g).
User rating: 4.00/5 — very good.
Diet suitability: vegetarian.
Cuisine / style: sri lankan.
Meal type: side.
Main protein source: not specified.
Cooking method: roast.
Additional attributes: sri lankan, traditional."
doc_00127,Salmon,208.0,20.0,13.0,188.7,0.0,0.6,4.00,"Recipe: Salmon.
Nutrition per serving: 208.0 kcal | 20.0 g protein | 13.0 g fat | 188.7 mg sodium | 0.0 g carbs | 0.6 g fibre.
Nutrition profile: moderate-calorie (200–400 kcal), moderate-protein (10–24 g), moderate-fat (5–14 g), moderate-sodium (150–599 mg), low-carb (< 20 g), low-fibre (< 3 g).
User rating: 4.00/5 — very good.
Diet suitability: none specified.
Cuisine / style: sri lankan.
Meal type: main.
Main protein source: salmon.
Cooking method: standard.
Additional attributes: sri lankan, traditional."
doc_00128,Samaposha Aggala,326.0,9.8,10.4,171.4,49.0,2.0,4.00,"Recipe: Samaposha Aggala.
Nutrition per serving: 326.0 kcal | 9.8 g protein | 10.4 g fat | 171.4 mg sodium | 49.0 g carbs | 2.0 g fibre.
Nutrition profile: moderate-calorie (200–400 kcal), low-protein (< 10 g), moderate-fat (5–14 g), moderate-sodium (150–599 mg), moderate-carb (20–50 g), low-fibre (< 3 g).
User rating: 4.00/5 — very good.
Diet suitability: vegetarian.
Cuisine / style: sri lankan.
Meal type: snack.
Main protein source: not specified.
Cooking method: standard.
Additional attributes: sri lankan, traditional."
doc_00129,Samaposha Aggala,326.0,9.8,10.4,259.0,49.0,1.1,4.00,"Recipe: Samaposha Aggala.
Nutrition per serving: 326.0 kcal | 9.8 g protein | 10.4 g fat | 259.0 mg sodium | 49.0 g carbs | 1.1 g fibre.
Nutrition profile: moderate-calorie (200–400 kcal), low-protein (< 10 g), moderate-fat (5–14 g), moderate-sodium (150–599 mg), moderate-carb (20–50 g), low-fibre (< 3 g).
User rating: 4.00/5 — very good.
Diet suitability: vegan.
Cuisine / style: sri lankan.
Meal type: snack.
Main protein source: not specified.
Cooking method: roll.
Additional attributes: samaposha, aggala, fortified, nutritious."
doc_00130,Saw Kanji,250.0,6.0,5.0,268.8,50.0,2.1,4.00,"Recipe: Saw Kanji.
Nutrition per serving: 250.0 kcal | 6.0 g protein | 5.0 g fat | 268.8 mg sodium | 50.0 g carbs | 2.1 g fibre.
Nutrition profile: moderate-calorie (200–400 kcal), low-protein (< 10 g), moderate-fat (5–14 g), moderate-sodium (150–599 mg), moderate-carb (20–50 g), low-fibre (< 3 g).
User rating: 4.00/5 — very good.
Diet suitability: vegetarian.
Cuisine / style: sri lankan.
Meal type: side.
Main protein source: not specified.
Cooking method: standard.
Additional attributes: sri lankan, traditional."
doc_00131,Skim Milk,80.0,8.0,0.0,164.3,12.0,2.2,4.00,"Recipe: Skim Milk.
Nutrition per serving: 80.0 kcal | 8.0 g protein | 0.0 g fat | 164.3 mg sodium | 12.0 g carbs | 2.2 g fibre.
Nutrition profile: low-calorie (< 200 kcal), low-protein (< 10 g), low-fat (< 5 g), moderate-sodium (150–599 mg), low-carb (< 20 g), low-fibre (< 3 g).
User rating: 4.00/5 — very good.
Diet suitability: vegetarian.
Cuisine / style: sri lankan.
Meal type: drink.
Main protein source: not specified.
Cooking method: standard.
Additional attributes: sri lankan, traditional."
doc_00132,Soya meat curry,84.0,6.0,4.0,365.4,8.0,1.8,4.00,"Recipe: Soya meat curry.
Nutrition per serving: 84.0 kcal | 6.0 g protein | 4.0 g fat | 365.4 mg sodium | 8.0 g carbs | 1.8 g fibre.
Nutrition profile: low-calorie (< 200 kcal), low-protein (< 10 g), low-fat (< 5 g), moderate-sodium (150–599 mg), low-carb (< 20 g), low-fibre (< 3 g).
User rating: 4.00/5 — very good.
Diet suitability: vegetarian.
Cuisine / style: sri lankan.
Meal type: main.
Main protein source: soya.
Cooking method: curry.
Additional attributes: sri lankan, traditional."
doc_00133,Soya meat curry with coconut milk,110.0,11.0,0.6,368.5,13.0,4.2,4.00,"Recipe: Soya meat curry with coconut milk.
Nutrition per serving: 110.0 kcal | 11.0 g protein | 0.6 g fat | 368.5 mg sodium | 13.0 g carbs | 4.2 g fibre.
Nutrition profile: low-calorie (< 200 kcal), moderate-protein (10–24 g), low-fat (< 5 g), moderate-sodium (150–599 mg), low-carb (< 20 g), moderate-fibre (3–7 g).
User rating: 4.00/5 — very good.
Diet suitability: vegetarian.
Cuisine / style: sri lankan.
Meal type: main.
Main protein source: soya.
Cooking method: curry.
Additional attributes: sri lankan, traditional."
doc_00134,Sri Lankan Aggala Sesame Balls,220.0,5.0,8.0,217.9,34.0,1.6,4.50,"Recipe: Sri Lankan Aggala Sesame Balls.
Nutrition per serving: 220.0 kcal | 5.0 g protein | 8.0 g fat | 217.9 mg sodium | 34.0 g carbs | 1.6 g fibre.
Nutrition profile: moderate-calorie (200–400 kcal), low-protein (< 10 g), moderate-fat (5–14 g), moderate-sodium (150–599 mg), moderate-carb (20–50 g), low-fibre (< 3 g).
User rating: 4.50/5 — outstanding.
Diet suitability: vegan.
Cuisine / style: sri lankan.
Meal type: dessert.
Main protein source: not specified.
Cooking method: roll.
Additional attributes: aggala, sesame, traditional, new year."
doc_00135,Sri Lankan Ash Plantain Curry Alu Kesel,130.0,2.0,5.0,471.1,20.0,1.0,4.00,"Recipe: Sri Lankan Ash Plantain Curry Alu Kesel.
Nutrition per serving: 130.0 kcal | 2.0 g protein | 5.0 g fat | 471.1 mg sodium | 20.0 g carbs | 1.0 g fibre.
Nutrition profile: low-calorie (< 200 kcal), low-protein (< 10 g), moderate-fat (5–14 g), moderate-sodium (150–599 mg), moderate-carb (20–50 g), low-fibre (< 3 g).
User rating: 4.00/5 — very good.
Diet suitability: vegan.
Cuisine / style: sri lankan.
Meal type: side.
Main protein source: not specified.
Cooking method: curry.
Additional attributes: ash plantain, traditional."
doc_00136,Sri Lankan Banana Blossom Curry Kesel Muwa,110.0,3.0,5.0,301.4,15.0,4.3,4.00,"Recipe: Sri Lankan Banana Blossom Curry Kesel Muwa.
Nutrition per serving: 110.0 kcal | 3.0 g protein | 5.0 g fat | 301.4 mg sodium | 15.0 g carbs | 4.3 g fibre.
Nutrition profile: low-calorie (< 200 kcal), low-protein (< 10 g), moderate-fat (5–14 g), moderate-sodium (150–599 mg), low-carb (< 20 g), moderate-fibre (3–7 g).
User rating: 4.00/5 — very good.
Diet suitability: vegan.
Cuisine / style: sri lankan.
Meal type: main.
Main protein source: not specified.
Cooking method: curry.
Additional attributes: banana blossom, vegan."
doc_00137,Sri Lankan Beef Curry,260.0,26.0,14.0,633.5,4.0,1.4,4.00,"Recipe: Sri Lankan Beef Curry.
Nutrition per serving: 260.0 kcal | 26.0 g protein | 14.0 g fat | 633.5 mg sodium | 4.0 g carbs | 1.4 g fibre.
Nutrition profile: moderate-calorie (200–400 kcal), high-protein (≥ 25 g), moderate-fat (5–14 g), high-sodium (≥ 600 mg), low-carb (< 20 g), low-fibre (< 3 g).
User rating: 4.00/5 — very good.
Diet suitability: none specified.
Cuisine / style: sri lankan.
Meal type: main.
Main protein source: beef.
Cooking method: curry.
Additional attributes: slow cook."
doc_00138,Sri Lankan Beetroot Curry,90.0,2.0,5.0,389.0,11.0,6.3,4.00,"Recipe: Sri Lankan Beetroot Curry.
Nutrition per serving: 90.0 kcal | 2.0 g protein | 5.0 g fat | 389.0 mg sodium | 11.0 g carbs | 6.3 g fibre.
Nutrition profile: low-calorie (< 200 kcal), low-protein (< 10 g), moderate-fat (5–14 g), moderate-sodium (150–599 mg), low-carb (< 20 g), moderate-fibre (3–7 g).
User rating: 4.00/5 — very good.
Diet suitability: vegan.
Cuisine / style: sri lankan.
Meal type: side.
Main protein source: not specified.
Cooking method: curry.
Additional attributes: beetroot, vegetable."
doc_00139,Sri Lankan Bibikkan Coconut Cake,340.0,5.0,12.0,86.4,54.0,0.6,4.50,"Recipe: Sri Lankan Bibikkan Coconut Cake.
Nutrition per serving: 340.0 kcal | 5.0 g protein | 12.0 g fat | 86.4 mg sodium | 54.0 g carbs | 0.6 g fibre.
Nutrition profile: moderate-calorie (200–400 kcal), low-protein (< 10 g), moderate-fat (5–14 g), low-sodium (< 150 mg), high-carb (> 50 g), low-fibre (< 3 g).
User rating: 4.50/5 — outstanding.
Diet suitability: vegetarian.
Cuisine / style: sri lankan.
Meal type: dessert.
Main protein source: not specified.
Cooking method: bake.
Additional attributes: bibikkan, coconut cake, semolina, traditional."
doc_00140,Sri Lankan Black Pepper Chicken Curry,210.0,28.0,9.0,406.1,4.0,1.9,4.50,"Recipe: Sri Lankan Black Pepper Chicken Curry.
Nutrition per serving: 210.0 kcal | 28.0 g protein | 9.0 g fat | 406.1 mg sodium | 4.0 g carbs | 1.9 g fibre.
Nutrition profile: moderate-calorie (200–400 kcal), high-protein (≥ 25 g), moderate-fat (5–14 g), moderate-sodium (150–599 mg), low-carb (< 20 g), low-fibre (< 3 g).
User rating: 4.50/5 — outstanding.
Diet suitability: none specified.
Cuisine / style: sri lankan.
Meal type: main.
Main protein source: chicken.
Cooking method: curry.
Additional attributes: spicy, black pepper."
doc_00141,Sri Lankan Black Pork Curry Urumas,320.0,26.0,20.0,561.6,5.0,0.0,4.50,"Recipe: Sri Lankan Black Pork Curry Urumas.
Nutrition per serving: 320.0 kcal | 26.0 g protein | 20.0 g fat | 561.6 mg sodium | 5.0 g carbs | 0.0 g fibre.
Nutrition profile: moderate-calorie (200–400 kcal), high-protein (≥ 25 g), high-fat (≥ 15 g), moderate-sodium (150–599 mg), low-carb (< 20 g), low-fibre (< 3 g).
User rating: 4.50/5 — outstanding.
Diet suitability: none specified.
Cuisine / style: sri lankan.
Meal type: main.
Main protein source: pork.
Cooking method: slow cook.
Additional attributes: urumas, black curry, traditional."
doc_00142,Sri Lankan Black-Eyed Pea Curry,160.0,9.0,5.0,399.8,22.0,7.4,4.00,"Recipe: Sri Lankan Black-Eyed Pea Curry.
Nutrition per serving: 160.0 kcal | 9.0 g protein | 5.0 g fat | 399.8 mg sodium | 22.0 g carbs | 7.4 g fibre.
Nutrition profile: low-calorie (< 200 kcal), low-protein (< 10 g), moderate-fat (5–14 g), moderate-sodium (150–599 mg), moderate-carb (20–50 g), high-fibre (> 7 g).
User rating: 4.00/5 — very good.
Diet suitability: vegan.
Cuisine / style: sri lankan.
Meal type: main.
Main protein source: not specified.
Cooking method: curry.
Additional attributes: black-eyed pea, legume."
doc_00143,Sri Lankan Bread Omelette Street Food,340.0,18.0,18.0,195.1,24.0,1.0,4.00,"Recipe: Sri Lankan Bread Omelette Street Food.
Nutrition per serving: 340.0 kcal | 18.0 g protein | 18.0 g fat | 195.1 mg sodium | 24.0 g carbs | 1.0 g fibre.
Nutrition profile: moderate-calorie (200–400 kcal), moderate-protein (10–24 g), high-fat (≥ 15 g), moderate-sodium (150–599 mg), moderate-carb (20–50 g), low-fibre (< 3 g).
User rating: 4.00/5 — very good.
Diet suitability: vegetarian.
Cuisine / style: sri lankan.
Meal type: breakfast.
Main protein source: egg.
Cooking method: fry.
Additional attributes: bread omelette, street food, breakfast."
doc_00144,Sri Lankan Cabbage Salad,50.0,2.0,2.0,352.7,6.0,4.1,4.00,"Recipe: Sri Lankan Cabbage Salad.
Nutrition per serving: 50.0 kcal | 2.0 g protein | 2.0 g fat | 352.7 mg sodium | 6.0 g carbs | 4.1 g fibre.
Nutrition profile: low-calorie (< 200 kcal), low-protein (< 10 g), low-fat (< 5 g), moderate-sodium (150–599 mg), low-carb (< 20 g), moderate-fibre (3–7 g).
User rating: 4.00/5 — very good.
Diet suitability: vegan.
Cuisine / style: sri lankan.
Meal type: side.
Main protein source: not specified.
Cooking method: mix.
Additional attributes: cabbage, salad."
doc_00145,Sri Lankan Capsicum Curry,90.0,2.0,5.0,645.8,10.0,3.0,3.80,"Recipe: Sri Lankan Capsicum Curry.
Nutrition per serving: 90.0 kcal | 2.0 g protein | 5.0 g fat | 645.8 mg sodium | 10.0 g carbs | 3.0 g fibre.
Nutrition profile: low-calorie (< 200 kcal), low-protein (< 10 g), moderate-fat (5–14 g), high-sodium (≥ 600 mg), low-carb (< 20 g), moderate-fibre (3–7 g).
User rating: 3.80/5 — good.
Diet suitability: vegan.
Cuisine / style: sri lankan.
Meal type: side.
Main protein source: not specified.
Cooking method: curry.
Additional attributes: capsicum, vegetable."
doc_00146,Sri Lankan Cashew Curry,310.0,9.0,20.0,495.4,22.0,2.8,4.50,"Recipe: Sri Lankan Cashew Curry.
Nutrition per serving: 310.0 kcal | 9.0 g protein | 20.0 g fat | 495.4 mg sodium | 22.0 g carbs | 2.8 g fibre.
Nutrition profile: moderate-calorie (200–400 kcal), low-protein (< 10 g), high-fat (≥ 15 g), moderate-sodium (150–599 mg), moderate-carb (20–50 g), low-fibre (< 3 g).
User rating: 4.50/5 — outstanding.
Diet suitability: vegan.
Cuisine / style: sri lankan.
Meal type: main.
Main protein source: not specified.
Cooking method: curry.
Additional attributes: cashew, vegan, rich."
doc_00147,Sri Lankan Ceylon Milk Tea,45.0,1.0,1.0,316.1,8.0,1.7,4.50,"Recipe: Sri Lankan Ceylon Milk Tea.
Nutrition per serving: 45.0 kcal | 1.0 g protein | 1.0 g fat | 316.1 mg sodium | 8.0 g carbs | 1.7 g fibre.
Nutrition profile: low-calorie (< 200 kcal), low-protein (< 10 g), low-fat (< 5 g), moderate-sodium (150–599 mg), low-carb (< 20 g), low-fibre (< 3 g).
User rating: 4.50/5 — outstanding.
Diet suitability: vegetarian.
Cuisine / style: sri lankan.
Meal type: drink.
Main protein source: not specified.
Cooking method: brew.
Additional attributes: tea, ceylon tea, milk tea, traditional."
doc_00148,Sri Lankan Chicken Cutlets,185.0,15.0,9.0,301.6,14.0,1.0,4.50,"Recipe: Sri Lankan Chicken Cutlets.
Nutrition per serving: 185.0 kcal | 15.0 g protein | 9.0 g fat | 301.6 mg sodium | 14.0 g carbs | 1.0 g fibre.
Nutrition profile: low-calorie (< 200 kcal), moderate-protein (10–24 g), moderate-fat (5–14 g), moderate-sodium (150–599 mg), low-carb (< 20 g), low-fibre (< 3 g).
User rating: 4.50/5 — outstanding.
Diet suitability: none specified.
Cuisine / style: sri lankan.
Meal type: snack.
Main protein source: chicken.
Cooking method: fry.
Additional attributes: cutlets, short eats, popular."
doc_00149,Sri Lankan Chicken Gravy,120.0,14.0,6.0,286.5,4.0,1.2,4.00,"Recipe: Sri Lankan Chicken Gravy.
Nutrition per serving: 120.0 kcal | 14.0 g protein | 6.0 g fat | 286.5 mg sodium | 4.0 g carbs | 1.2 g fibre.
Nutrition profile: low-calorie (< 200 kcal), moderate-protein (10–24 g), moderate-fat (5–14 g), moderate-sodium (150–599 mg), low-carb (< 20 g), low-fibre (< 3 g).
User rating: 4.00/5 — very good.
Diet suitability: none specified.
Cuisine / style: sri lankan.
Meal type: side.
Main protein source: chicken.
Cooking method: simmer.
Additional attributes: gravy, chicken, side dish."
doc_00150,Sri Lankan Chicken Soup,180.0,20.0,6.0,797.7,8.0,0.5,4.00,"Recipe: Sri Lankan Chicken Soup.
Nutrition per serving: 180.0 kcal | 20.0 g protein | 6.0 g fat | 797.7 mg sodium | 8.0 g carbs | 0.5 g fibre.
Nutrition profile: low-calorie (< 200 kcal), moderate-protein (10–24 g), moderate-fat (5–14 g), high-sodium (≥ 600 mg), low-carb (< 20 g), low-fibre (< 3 g).
User rating: 4.00/5 — very good.
Diet suitability: none specified.
Cuisine / style: sri lankan.
Meal type: side.
Main protein source: chicken.
Cooking method: boil.
Additional attributes: soup, chicken, healthy."
doc_00151,Sri Lankan Chickpea Curry,180.0,10.0,6.0,659.6,24.0,7.8,4.00,"Recipe: Sri Lankan Chickpea Curry.
Nutrition per serving: 180.0 kcal | 10.0 g protein | 6.0 g fat | 659.6 mg sodium | 24.0 g carbs | 7.8 g fibre.
Nutrition profile: low-calorie (< 200 kcal), moderate-protein (10–24 g), moderate-fat (5–14 g), high-sodium (≥ 600 mg), moderate-carb (20–50 g), high-fibre (> 7 g).
User rating: 4.00/5 — very good.
Diet suitability: vegan.
Cuisine / style: sri lankan.
Meal type: main.
Main protein source: not specified.
Cooking method: curry.
Additional attributes: chickpea, legume, vegan."
doc_00152,Sri Lankan Christmas Cake,480.0,6.0,20.0,104.8,70.0,1.0,4.50,"Recipe: Sri Lankan Christmas Cake.
Nutrition per serving: 480.0 kcal | 6.0 g protein | 20.0 g fat | 104.8 mg sodium | 70.0 g carbs | 1.0 g fibre.
Nutrition profile: high-calorie (400–700 kcal), low-protein (< 10 g), high-fat (≥ 15 g), low-sodium (< 150 mg), high-carb (> 50 g), low-fibre (< 3 g).
User rating: 4.50/5 — outstanding.
Diet suitability: vegetarian.
Cuisine / style: sri lankan.
Meal type: dessert.
Main protein source: not specified.
Cooking method: bake.
Additional attributes: christmas cake, fruit cake, traditional."
doc_00153,Sri Lankan Cowpea Curry Maa Dhal,150.0,9.0,4.0,612.0,22.0,10.5,4.00,"Recipe: Sri Lankan Cowpea Curry Maa Dhal.
Nutrition per serving: 150.0 kcal | 9.0 g protein | 4.0 g fat | 612.0 mg sodium | 22.0 g carbs | 10.5 g fibre.
Nutrition profile: low-calorie (< 200 kcal), low-protein (< 10 g), low-fat (< 5 g), high-sodium (≥ 600 mg), moderate-carb (20–50 g), high-fibre (> 7 g).
User rating: 4.00/5 — very good.
Diet suitability: vegan.
Cuisine / style: sri lankan.
Meal type: main.
Main protein source: lentil.
Cooking method: curry.
Additional attributes: cowpea, maa dhal, traditional."
doc_00154,Sri Lankan Crab Curry,220.0,24.0,10.0,342.8,6.0,1.1,4.50,"Recipe: Sri Lankan Crab Curry.
Nutrition per serving: 220.0 kcal | 24.0 g protein | 10.0 g fat | 342.8 mg sodium | 6.0 g carbs | 1.1 g fibre.
Nutrition profile: moderate-calorie (200–400 kcal), moderate-protein (10–24 g), moderate-fat (5–14 g), moderate-sodium (150–599 mg), low-carb (< 20 g), low-fibre (< 3 g).
User rating: 4.50/5 — outstanding.
Diet suitability: none specified.
Cuisine / style: sri lankan.
Meal type: main.
Main protein source: crab.
Cooking method: curry.
Additional attributes: seafood, spicy."
doc_00155,Sri Lankan Curd and Treacle,200.0,7.0,7.0,207.8,30.0,2.4,4.50,"Recipe: Sri Lankan Curd and Treacle.
Nutrition per serving: 200.0 kcal | 7.0 g protein | 7.0 g fat | 207.8 mg sodium | 30.0 g carbs | 2.4 g fibre.
Nutrition profile: moderate-calorie (200–400 kcal), low-protein (< 10 g), moderate-fat (5–14 g), moderate-sodium (150–599 mg), moderate-carb (20–50 g), low-fibre (< 3 g).
User rating: 4.50/5 — outstanding.
Diet suitability: vegetarian.
Cuisine / style: sri lankan.
Meal type: dessert.
Main protein source: not specified.
Cooking method: serve.
Additional attributes: curd, treacle, traditional, popular."
doc_00156,Sri Lankan Devilled Cashews,320.0,8.0,24.0,675.7,16.0,1.2,4.00,"Recipe: Sri Lankan Devilled Cashews.
Nutrition per serving: 320.0 kcal | 8.0 g protein | 24.0 g fat | 675.7 mg sodium | 16.0 g carbs | 1.2 g fibre.
Nutrition profile: moderate-calorie (200–400 kcal), low-protein (< 10 g), high-fat (≥ 15 g), high-sodium (≥ 600 mg), low-carb (< 20 g), low-fibre (< 3 g).
User rating: 4.00/5 — very good.
Diet suitability: vegan.
Cuisine / style: sri lankan.
Meal type: snack.
Main protein source: not specified.
Cooking method: fry.
Additional attributes: cashew, snack, spicy."
doc_00157,Sri Lankan Devilled Chicken,250.0,30.0,11.0,652.3,8.0,1.8,4.50,"Recipe: Sri Lankan Devilled Chicken.
Nutrition per serving: 250.0 kcal | 30.0 g protein | 11.0 g fat | 652.3 mg sodium | 8.0 g carbs | 1.8 g fibre.
Nutrition profile: moderate-calorie (200–400 kcal), high-protein (≥ 25 g), moderate-fat (5–14 g), high-sodium (≥ 600 mg), low-carb (< 20 g), low-fibre (< 3 g).
User rating: 4.50/5 — outstanding.
Diet suitability: none specified.
Cuisine / style: sri lankan.
Meal type: main.
Main protein source: chicken.
Cooking method: stir fry.
Additional attributes: devilled, spicy, party food."
doc_00158,Sri Lankan Devilled Potatoes,180.0,4.0,8.0,556.6,24.0,1.8,4.00,"Recipe: Sri Lankan Devilled Potatoes.
Nutrition per serving: 180.0 kcal | 4.0 g protein | 8.0 g fat | 556.6 mg sodium | 24.0 g carbs | 1.8 g fibre.
Nutrition profile: low-calorie (< 200 kcal), low-protein (< 10 g), moderate-fat (5–14 g), moderate-sodium (150–599 mg), moderate-carb (20–50 g), low-fibre (< 3 g).
User rating: 4.00/5 — very good.
Diet suitability: vegan.
Cuisine / style: sri lankan.
Meal type: side.
Main protein source: not specified.
Cooking method: stir fry.
Additional attributes: devilled, potato, spicy."
doc_00159,Sri Lankan Devilled Prawn,210.0,22.0,10.0,440.7,8.0,1.5,4.50,"Recipe: Sri Lankan Devilled Prawn.
Nutrition per serving: 210.0 kcal | 22.0 g protein | 10.0 g fat | 440.7 mg sodium | 8.0 g carbs | 1.5 g fibre.
Nutrition profile: moderate-calorie (200–400 kcal), moderate-protein (10–24 g), moderate-fat (5–14 g), moderate-sodium (150–599 mg), low-carb (< 20 g), low-fibre (< 3 g).
User rating: 4.50/5 — outstanding.
Diet suitability: none specified.
Cuisine / style: sri lankan.
Meal type: main.
Main protein source: prawn.
Cooking method: stir fry.
Additional attributes: devilled, prawn, spicy, seafood."
doc_00160,Sri Lankan Devilled Tofu,200.0,14.0,10.0,692.5,12.0,2.1,4.00,"Recipe: Sri Lankan Devilled Tofu.
Nutrition per serving: 200.0 kcal | 14.0 g protein | 10.0 g fat | 692.5 mg sodium | 12.0 g carbs | 2.1 g fibre.
Nutrition profile: moderate-calorie (200–400 kcal), moderate-protein (10–24 g), moderate-fat (5–14 g), high-sodium (≥ 600 mg), low-carb (< 20 g), low-fibre (< 3 g).
User rating: 4.00/5 — very good.
Diet suitability: vegan.
Cuisine / style: sri lankan.
Meal type: main.
Main protein source: not specified.
Cooking method: stir fry.
Additional attributes: devilled, tofu, vegan, spicy."
doc_00161,Sri Lankan Drumstick Curry Murunga,90.0,4.0,4.0,554.8,10.0,6.0,4.00,"Recipe: Sri Lankan Drumstick Curry Murunga.
Nutrition per serving: 90.0 kcal | 4.0 g protein | 4.0 g fat | 554.8 mg sodium | 10.0 g carbs | 6.0 g fibre.
Nutrition profile: low-calorie (< 200 kcal), low-protein (< 10 g), low-fat (< 5 g), moderate-sodium (150–599 mg), low-carb (< 20 g), moderate-fibre (3–7 g).
User rating: 4.00/5 — very good.
Diet suitability: vegan.
Cuisine / style: sri lankan.
Meal type: side.
Main protein source: not specified.
Cooking method: curry.
Additional attributes: drumstick, murunga, healthy."
doc_00162,Sri Lankan Dry Fish Curry Karawala,190.0,20.0,9.0,1112.1,4.0,1.9,4.50,"Recipe: Sri Lankan Dry Fish Curry Karawala.
Nutrition per serving: 190.0 kcal | 20.0 g protein | 9.0 g fat | 1112.1 mg sodium | 4.0 g carbs | 1.9 g fibre.
Nutrition profile: low-calorie (< 200 kcal), moderate-protein (10–24 g), moderate-fat (5–14 g), high-sodium (≥ 600 mg), low-carb (< 20 g), low-fibre (< 3 g).
User rating: 4.50/5 — outstanding.
Diet suitability: none specified.
Cuisine / style: sri lankan.
Meal type: main.
Main protein source: fish.
Cooking method: curry.
Additional attributes: dry fish, karawala, traditional, salty."
doc_00163,Sri Lankan Egg Bun,210.0,10.0,7.0,390.6,26.0,0.5,4.00,"Recipe: Sri Lankan Egg Bun.
Nutrition per serving: 210.0 kcal | 10.0 g protein | 7.0 g fat | 390.6 mg sodium | 26.0 g carbs | 0.5 g fibre.
Nutrition profile: moderate-calorie (200–400 kcal), moderate-protein (10–24 g), moderate-fat (5–14 g), moderate-sodium (150–599 mg), moderate-carb (20–50 g), low-fibre (< 3 g).
User rating: 4.00/5 — very good.
Diet suitability: none specified.
Cuisine / style: sri lankan.
Meal type: snack.
Main protein source: egg.
Cooking method: bake.
Additional attributes: short eats, bakery, snack."
doc_00164,Sri Lankan Egg Curry,190.0,12.0,12.0,587.0,6.0,0.4,4.00,"Recipe: Sri Lankan Egg Curry.
Nutrition per serving: 190.0 kcal | 12.0 g protein | 12.0 g fat | 587.0 mg sodium | 6.0 g carbs | 0.4 g fibre.
Nutrition profile: low-calorie (< 200 kcal), moderate-protein (10–24 g), moderate-fat (5–14 g), moderate-sodium (150–599 mg), low-carb (< 20 g), low-fibre (< 3 g).
User rating: 4.00/5 — very good.
Diet suitability: vegetarian.
Cuisine / style: sri lankan.
Meal type: main.
Main protein source: egg.
Cooking method: curry.
Additional attributes: egg curry, traditional."
doc_00165,Sri Lankan Egg Fried Rice,400.0,16.0,13.0,686.8,54.0,1.8,4.00,"Recipe: Sri Lankan Egg Fried Rice.
Nutrition per serving: 400.0 kcal | 16.0 g protein | 13.0 g fat | 686.8 mg sodium | 54.0 g carbs | 1.8 g fibre.
Nutrition profile: high-calorie (400–700 kcal), moderate-protein (10–24 g), moderate-fat (5–14 g), high-sodium (≥ 600 mg), high-carb (> 50 g), low-fibre (< 3 g).
User rating: 4.00/5 — very good.
Diet suitability: none specified.
Cuisine / style: sri lankan.
Meal type: main.
Main protein source: egg.
Cooking method: fry.
Additional attributes: fried rice, egg."
doc_00166,Sri Lankan Egg Omelette,180.0,14.0,12.0,335.5,3.0,1.3,4.00,"Recipe: Sri Lankan Egg Omelette.
Nutrition per serving: 180.0 kcal | 14.0 g protein | 12.0 g fat | 335.5 mg sodium | 3.0 g carbs | 1.3 g fibre.
Nutrition profile: low-calorie (< 200 kcal), moderate-protein (10–24 g), moderate-fat (5–14 g), moderate-sodium (150–599 mg), low-carb (< 20 g), low-fibre (< 3 g).
User rating: 4.00/5 — very good.
Diet suitability: vegetarian.
Cuisine / style: sri lankan.
Meal type: breakfast.
Main protein source: egg.
Cooking method: fry.
Additional attributes: omelette, egg, breakfast."
doc_00167,Sri Lankan Egg Sandwich,280.0,14.0,12.0,284.6,28.0,1.4,4.00,"Recipe: Sri Lankan Egg Sandwich.
Nutrition per serving: 280.0 kcal | 14.0 g protein | 12.0 g fat | 284.6 mg sodium | 28.0 g carbs | 1.4 g fibre.
Nutrition profile: moderate-calorie (200–400 kcal), moderate-protein (10–24 g), moderate-fat (5–14 g), moderate-sodium (150–599 mg), moderate-carb (20–50 g), low-fibre (< 3 g).
User rating: 4.00/5 — very good.
Diet suitability: none specified.
Cuisine / style: sri lankan.
Meal type: breakfast.
Main protein source: egg.
Cooking method: mix.
Additional attributes: sandwich, egg, breakfast."
doc_00168,Sri Lankan Eggplant Moju Wambatu Moju,120.0,2.0,7.0,854.1,14.0,0.6,4.50,"Recipe: Sri Lankan Eggplant Moju Wambatu Moju.
Nutrition per serving: 120.0 kcal | 2.0 g protein | 7.0 g fat | 854.1 mg sodium | 14.0 g carbs | 0.6 g fibre.
Nutrition profile: low-calorie (< 200 kcal), low-protein (< 10 g), moderate-fat (5–14 g), high-sodium (≥ 600 mg), low-carb (< 20 g), low-fibre (< 3 g).
User rating: 4.50/5 — outstanding.
Diet suitability: vegan.
Cuisine / style: sri lankan.
Meal type: side.
Main protein source: not specified.
Cooking method: fry.
Additional attributes: wambatu, pickle, traditional."
doc_00169,Sri Lankan Faluda,280.0,5.0,6.0,250.6,52.0,1.6,4.00,"Recipe: Sri Lankan Faluda.
Nutrition per serving: 280.0 kcal | 5.0 g protein | 6.0 g fat | 250.6 mg sodium | 52.0 g carbs | 1.6 g fibre.
Nutrition profile: moderate-calorie (200–400 kcal), low-protein (< 10 g), moderate-fat (5–14 g), moderate-sodium (150–599 mg), high-carb (> 50 g), low-fibre (< 3 g).
User rating: 4.00/5 — very good.
Diet suitability: vegetarian.
Cuisine / style: sri lankan.
Meal type: drink.
Main protein source: not specified.
Cooking method: mix.
Additional attributes: faluda, sweet drink, dessert drink."
doc_00170,Sri Lankan Fish Bun,220.0,12.0,7.0,392.6,28.0,0.4,4.00,"Recipe: Sri Lankan Fish Bun.
Nutrition per serving: 220.0 kcal | 12.0 g protein | 7.0 g fat | 392.6 mg sodium | 28.0 g carbs | 0.4 g fibre.
Nutrition profile: moderate-calorie (200–400 kcal), moderate-protein (10–24 g), moderate-fat (5–14 g), moderate-sodium (150–599 mg), moderate-carb (20–50 g), low-fibre (< 3 g).
User rating: 4.00/5 — very good.
Diet suitability: none specified.
Cuisine / style: sri lankan.
Meal type: snack.
Main protein source: fish.
Cooking method: bake.
Additional attributes: short eats, bakery, snack."
doc_00171,Sri Lankan Fish Curry Red,180.0,22.0,8.0,626.8,5.0,0.6,4.50,"Recipe: Sri Lankan Fish Curry Red.
Nutrition per serving: 180.0 kcal | 22.0 g protein | 8.0 g fat | 626.8 mg sodium | 5.0 g carbs | 0.6 g fibre.
Nutrition profile: low-calorie (< 200 kcal), moderate-protein (10–24 g), moderate-fat (5–14 g), high-sodium (≥ 600 mg), low-carb (< 20 g), low-fibre (< 3 g).
User rating: 4.50/5 — outstanding.
Diet suitability: none specified.
Cuisine / style: sri lankan.
Meal type: main.
Main protein source: fish.
Cooking method: curry.
Additional attributes: red curry, spicy."
doc_00172,Sri Lankan Fish Curry White Coconut,200.0,20.0,11.0,565.4,6.0,1.9,4.50,"Recipe: Sri Lankan Fish Curry White Coconut.
Nutrition per serving: 200.0 kcal | 20.0 g protein | 11.0 g fat | 565.4 mg sodium | 6.0 g carbs | 1.9 g fibre.
Nutrition profile: moderate-calorie (200–400 kcal), moderate-protein (10–24 g), moderate-fat (5–14 g), moderate-sodium (150–599 mg), low-carb (< 20 g), low-fibre (< 3 g).
User rating: 4.50/5 — outstanding.
Diet suitability: none specified.
Cuisine / style: sri lankan.
Meal type: main.
Main protein source: fish.
Cooking method: curry.
Additional attributes: coconut milk, mild."
doc_00173,Sri Lankan Fish Cutlets,170.0,14.0,8.0,332.1,14.0,0.6,4.50,"Recipe: Sri Lankan Fish Cutlets.
Nutrition per serving: 170.0 kcal | 14.0 g protein | 8.0 g fat | 332.1 mg sodium | 14.0 g carbs | 0.6 g fibre.
Nutrition profile: low-calorie (< 200 kcal), moderate-protein (10–24 g), moderate-fat (5–14 g), moderate-sodium (150–599 mg), low-carb (< 20 g), low-fibre (< 3 g).
User rating: 4.50/5 — outstanding.
Diet suitability: none specified.
Cuisine / style: sri lankan.
Meal type: snack.
Main protein source: fish.
Cooking method: fry.
Additional attributes: cutlets, short eats, popular."
doc_00174,Sri Lankan Fresh Mango Juice,80.0,1.0,0.2,30.2,19.0,2.9,4.00,"Recipe: Sri Lankan Fresh Mango Juice.
Nutrition per serving: 80.0 kcal | 1.0 g protein | 0.2 g fat | 30.2 mg sodium | 19.0 g carbs | 2.9 g fibre.
Nutrition profile: low-calorie (< 200 kcal), low-protein (< 10 g), low-fat (< 5 g), low-sodium (< 150 mg), low-carb (< 20 g), low-fibre (< 3 g).
User rating: 4.00/5 — very good.
Diet suitability: vegan.
Cuisine / style: sri lankan.
Meal type: drink.
Main protein source: not specified.
Cooking method: blend.
Additional attributes: mango, fresh juice, fruit."
doc_00175,Sri Lankan Fried Rice,420.0,14.0,14.0,431.3,58.0,3.6,4.00,"Recipe: Sri Lankan Fried Rice.
Nutrition per serving: 420.0 kcal | 14.0 g protein | 14.0 g fat | 431.3 mg sodium | 58.0 g carbs | 3.6 g fibre.
Nutrition profile: high-calorie (400–700 kcal), moderate-protein (10–24 g), moderate-fat (5–14 g), moderate-sodium (150–599 mg), high-carb (> 50 g), moderate-fibre (3–7 g).
User rating: 4.00/5 — very good.
Diet suitability: none specified.
Cuisine / style: sri lankan.
Meal type: main.
Main protein source: egg.
Cooking method: fry.
Additional attributes: fried rice, street food."
doc_00176,Sri Lankan Ginger Beer Homemade,110.0,0.0,0.0,375.7,28.0,2.2,4.00,"Recipe: Sri Lankan Ginger Beer Homemade.
Nutrition per serving: 110.0 kcal | 0.0 g protein | 0.0 g fat | 375.7 mg sodium | 28.0 g carbs | 2.2 g fibre.
Nutrition profile: low-calorie (< 200 kcal), low-protein (< 10 g), low-fat (< 5 g), moderate-sodium (150–599 mg), moderate-carb (20–50 g), low-fibre (< 3 g).
User rating: 4.00/5 — very good.
Diet suitability: vegan.
Cuisine / style: sri lankan.
Meal type: drink.
Main protein source: not specified.
Cooking method: ferment.
Additional attributes: ginger beer, homemade, refreshing."
doc_00177,Sri Lankan Green Bean Curry,80.0,2.0,4.0,624.3,9.0,10.5,4.00,"Recipe: Sri Lankan Green Bean Curry.
Nutrition per serving: 80.0 kcal | 2.0 g protein | 4.0 g fat | 624.3 mg sodium | 9.0 g carbs | 10.5 g fibre.
Nutrition profile: low-calorie (< 200 kcal), low-protein (< 10 g), low-fat (< 5 g), high-sodium (≥ 600 mg), low-carb (< 20 g), high-fibre (> 7 g).
User rating: 4.00/5 — very good.
Diet suitability: vegan.
Cuisine / style: sri lankan.
Meal type: side.
Main protein source: not specified.
Cooking method: curry.
Additional attributes: green beans, vegetable."
doc_00178,Sri Lankan Green Gram Curry,140.0,8.0,3.0,462.6,20.0,9.5,4.00,"Recipe: Sri Lankan Green Gram Curry.
Nutrition per serving: 140.0 kcal | 8.0 g protein | 3.0 g fat | 462.6 mg sodium | 20.0 g carbs | 9.5 g fibre.
Nutrition profile: low-calorie (< 200 kcal), low-protein (< 10 g), low-fat (< 5 g), moderate-sodium (150–599 mg), moderate-carb (20–50 g), high-fibre (> 7 g).
User rating: 4.00/5 — very good.
Diet suitability: vegan.
Cuisine / style: sri lankan.
Meal type: main.
Main protein source: not specified.
Cooking method: curry.
Additional attributes: green gram, mung, healthy."
doc_00179,Sri Lankan Isso Wade Prawn Vadai,180.0,12.0,8.0,665.0,18.0,0.9,4.50,"Recipe: Sri Lankan Isso Wade Prawn Vadai.
Nutrition per serving: 180.0 kcal | 12.0 g protein | 8.0 g fat | 665.0 mg sodium | 18.0 g carbs | 0.9 g fibre.
Nutrition profile: low-calorie (< 200 kcal), moderate-protein (10–24 g), moderate-fat (5–14 g), high-sodium (≥ 600 mg), low-carb (< 20 g), low-fibre (< 3 g).
User rating: 4.50/5 — outstanding.
Diet suitability: none specified.
Cuisine / style: sri lankan.
Meal type: snack.
Main protein source: prawn.
Cooking method: fry.
Additional attributes: isso wade, vadai, street food."
doc_00180,Sri Lankan Jackfruit Curry Polos,140.0,3.0,5.0,638.4,22.0,5.4,4.50,"Recipe: Sri Lankan Jackfruit Curry Polos.
Nutrition per serving: 140.0 kcal | 3.0 g protein | 5.0 g fat | 638.4 mg sodium | 22.0 g carbs | 5.4 g fibre.
Nutrition profile: low-calorie (< 200 kcal), low-protein (< 10 g), moderate-fat (5–14 g), high-sodium (≥ 600 mg), moderate-carb (20–50 g), moderate-fibre (3–7 g).
User rating: 4.50/5 — outstanding.
Diet suitability: vegan.
Cuisine / style: sri lankan.
Meal type: main.
Main protein source: not specified.
Cooking method: curry.
Additional attributes: jackfruit, polos, vegan."
doc_00181,Sri Lankan Kalu Dodol,420.0,3.0,14.0,93.6,70.0,0.4,4.50,"Recipe: Sri Lankan Kalu Dodol.
Nutrition per serving: 420.0 kcal | 3.0 g protein | 14.0 g fat | 93.6 mg sodium | 70.0 g carbs | 0.4 g fibre.
Nutrition profile: high-calorie (400–700 kcal), low-protein (< 10 g), moderate-fat (5–14 g), low-sodium (< 150 mg), high-carb (> 50 g), low-fibre (< 3 g).
User rating: 4.50/5 — outstanding.
Diet suitability: vegan.
Cuisine / style: sri lankan.
Meal type: dessert.
Main protein source: not specified.
Cooking method: cook.
Additional attributes: kalu dodol, black treacle, traditional."
doc_00182,Sri Lankan Kavum Oil Cake,390.0,5.0,18.0,110.7,54.0,1.2,4.50,"Recipe: Sri Lankan Kavum Oil Cake.
Nutrition per serving: 390.0 kcal | 5.0 g protein | 18.0 g fat | 110.7 mg sodium | 54.0 g carbs | 1.2 g fibre.
Nutrition profile: moderate-calorie (200–400 kcal), low-protein (< 10 g), high-fat (≥ 15 g), low-sodium (< 150 mg), high-carb (> 50 g), low-fibre (< 3 g).
User rating: 4.50/5 — outstanding.
Diet suitability: vegan.
Cuisine / style: sri lankan.
Meal type: dessert.
Main protein source: not specified.
Cooking method: deep fry.
Additional attributes: kavum, oil cake, traditional, new year."
doc_00183,Sri Lankan Kithul Treacle with Curd,220.0,8.0,8.0,285.0,32.0,1.3,4.50,"Recipe: Sri Lankan Kithul Treacle with Curd.
Nutrition per serving: 220.0 kcal | 8.0 g protein | 8.0 g fat | 285.0 mg sodium | 32.0 g carbs | 1.3 g fibre.
Nutrition profile: moderate-calorie (200–400 kcal), low-protein (< 10 g), moderate-fat (5–14 g), moderate-sodium (150–599 mg), moderate-carb (20–50 g), low-fibre (< 3 g).
User rating: 4.50/5 — outstanding.
Diet suitability: vegetarian.
Cuisine / style: sri lankan.
Meal type: dessert.
Main protein source: not specified.
Cooking method: serve.
Additional attributes: kithul treacle, curd, traditional, popular."
doc_00184,Sri Lankan Kokis Crispy Sweet,280.0,4.0,14.0,72.7,36.0,0.6,4.50,"Recipe: Sri Lankan Kokis Crispy Sweet.
Nutrition per serving: 280.0 kcal | 4.0 g protein | 14.0 g fat | 72.7 mg sodium | 36.0 g carbs | 0.6 g fibre.
Nutrition profile: moderate-calorie (200–400 kcal), low-protein (< 10 g), moderate-fat (5–14 g), low-sodium (< 150 mg), moderate-carb (20–50 g), low-fibre (< 3 g).
User rating: 4.50/5 — outstanding.
Diet suitability: vegan.
Cuisine / style: sri lankan.
Meal type: dessert.
Main protein source: not specified.
Cooking method: deep fry.
Additional attributes: kokis, crispy, traditional, new year."
doc_00185,Sri Lankan Konda Kavum,380.0,5.0,16.0,67.4,56.0,0.5,4.50,"Recipe: Sri Lankan Konda Kavum.
Nutrition per serving: 380.0 kcal | 5.0 g protein | 16.0 g fat | 67.4 mg sodium | 56.0 g carbs | 0.5 g fibre.
Nutrition profile: moderate-calorie (200–400 kcal), low-protein (< 10 g), high-fat (≥ 15 g), low-sodium (< 150 mg), high-carb (> 50 g), low-fibre (< 3 g).
User rating: 4.50/5 — outstanding.
Diet suitability: vegan.
Cuisine / style: sri lankan.
Meal type: dessert.
Main protein source: not specified.
Cooking method: deep fry.
Additional attributes: konda kavum, traditional, new year."
doc_00186,Sri Lankan Lavariya Sweet Dumpling,310.0,5.0,10.0,37.0,50.0,1.6,4.50,"Recipe: Sri Lankan Lavariya Sweet Dumpling.
Nutrition per serving: 310.0 kcal | 5.0 g protein | 10.0 g fat | 37.0 mg sodium | 50.0 g carbs | 1.6 g fibre.
Nutrition profile: moderate-calorie (200–400 kcal), low-protein (< 10 g), moderate-fat (5–14 g), low-sodium (< 150 mg), moderate-carb (20–50 g), low-fibre (< 3 g).
User rating: 4.50/5 — outstanding.
Diet suitability: vegan.
Cuisine / style: sri lankan.
Meal type: dessert.
Main protein source: not specified.
Cooking method: steam.
Additional attributes: lavariya, dumpling, coconut, traditional."
doc_00187,Sri Lankan Lentil Soup,130.0,8.0,3.0,477.3,18.0,10.7,4.00,"Recipe: Sri Lankan Lentil Soup.
Nutrition per serving: 130.0 kcal | 8.0 g protein | 3.0 g fat | 477.3 mg sodium | 18.0 g carbs | 10.7 g fibre.
Nutrition profile: low-calorie (< 200 kcal), low-protein (< 10 g), low-fat (< 5 g), moderate-sodium (150–599 mg), low-carb (< 20 g), high-fibre (> 7 g).
User rating: 4.00/5 — very good.
Diet suitability: vegan.
Cuisine / style: sri lankan.
Meal type: side.
Main protein source: lentil.
Cooking method: boil.
Additional attributes: soup, lentil, healthy."
doc_00188,Sri Lankan Lime Juice with Salt,30.0,0.3,0.0,15.8,7.0,1.8,4.00,"Recipe: Sri Lankan Lime Juice with Salt.
Nutrition per serving: 30.0 kcal | 0.3 g protein | 0.0 g fat | 15.8 mg sodium | 7.0 g carbs | 1.8 g fibre.
Nutrition profile: low-calorie (< 200 kcal), low-protein (< 10 g), low-fat (< 5 g), low-sodium (< 150 mg), low-carb (< 20 g), low-fibre (< 3 g).
User rating: 4.00/5 — very good.
Diet suitability: vegan.
Cuisine / style: sri lankan.
Meal type: drink.
Main protein source: not specified.
Cooking method: mix.
Additional attributes: lime, refreshing, drink."
doc_00189,Sri Lankan Love Cake,420.0,6.0,18.0,94.7,62.0,0.9,4.50,"Recipe: Sri Lankan Love Cake.
Nutrition per serving: 420.0 kcal | 6.0 g protein | 18.0 g fat | 94.7 mg sodium | 62.0 g carbs | 0.9 g fibre.
Nutrition profile: high-calorie (400–700 kcal), low-protein (< 10 g), high-fat (≥ 15 g), low-sodium (< 150 mg), high-carb (> 50 g), low-fibre (< 3 g).
User rating: 4.50/5 — outstanding.
Diet suitability: vegetarian.
Cuisine / style: sri lankan.
Meal type: dessert.
Main protein source: not specified.
Cooking method: bake.
Additional attributes: love cake, semolina, christmas, traditional."
doc_00190,Sri Lankan Milk Toffee,430.0,5.0,16.0,52.3,68.0,1.1,4.50,"Recipe: Sri Lankan Milk Toffee.
Nutrition per serving: 430.0 kcal | 5.0 g protein | 16.0 g fat | 52.3 mg sodium | 68.0 g carbs | 1.1 g fibre.
Nutrition profile: high-calorie (400–700 kcal), low-protein (< 10 g), high-fat (≥ 15 g), low-sodium (< 150 mg), high-carb (> 50 g), low-fibre (< 3 g).
User rating: 4.50/5 — outstanding.
Diet suitability: vegetarian.
Cuisine / style: sri lankan.
Meal type: dessert.
Main protein source: not specified.
Cooking method: cook.
Additional attributes: milk toffee, condensed milk, popular."
doc_00191,Sri Lankan Mutton Curry,280.0,25.0,16.0,447.8,5.0,0.3,4.00,"Recipe: Sri Lankan Mutton Curry.
Nutrition per serving: 280.0 kcal | 25.0 g protein | 16.0 g fat | 447.8 mg sodium | 5.0 g carbs | 0.3 g fibre.
Nutrition profile: moderate-calorie (200–400 kcal), high-protein (≥ 25 g), high-fat (≥ 15 g), moderate-sodium (150–599 mg), low-carb (< 20 g), low-fibre (< 3 g).
User rating: 4.00/5 — very good.
Diet suitability: none specified.
Cuisine / style: sri lankan.
Meal type: main.
Main protein source: mutton.
Cooking method: curry.
Additional attributes: slow cook, spicy."
doc_00192,Sri Lankan Pani Pol Coconut Pancake,260.0,5.0,10.0,98.9,40.0,0.9,4.50,"Recipe: Sri Lankan Pani Pol Coconut Pancake.
Nutrition per serving: 260.0 kcal | 5.0 g protein | 10.0 g fat | 98.9 mg sodium | 40.0 g carbs | 0.9 g fibre.
Nutrition profile: moderate-calorie (200–400 kcal), low-protein (< 10 g), moderate-fat (5–14 g), low-sodium (< 150 mg), moderate-carb (20–50 g), low-fibre (< 3 g).
User rating: 4.50/5 — outstanding.
Diet suitability: vegetarian.
Cuisine / style: sri lankan.
Meal type: dessert.
Main protein source: not specified.
Cooking method: fry.
Additional attributes: pani pol, coconut pancake, kithul treacle."
doc_00193,Sri Lankan Plain Ceylon Tea,2.0,0.0,0.0,385.1,0.5,2.4,4.50,"Recipe: Sri Lankan Plain Ceylon Tea.
Nutrition per serving: 2.0 kcal | 0.0 g protein | 0.0 g fat | 385.1 mg sodium | 0.5 g carbs | 2.4 g fibre.
Nutrition profile: low-calorie (< 200 kcal), low-protein (< 10 g), low-fat (< 5 g), moderate-sodium (150–599 mg), low-carb (< 20 g), low-fibre (< 3 g).
User rating: 4.50/5 — outstanding.
Diet suitability: vegan.
Cuisine / style: sri lankan.
Meal type: drink.
Main protein source: not specified.
Cooking method: brew.
Additional attributes: ceylon tea, plain tea, traditional."
doc_00194,Sri Lankan Pork Curry,290.0,24.0,18.0,544.7,3.0,2.0,4.00,"Recipe: Sri Lankan Pork Curry.
Nutrition per serving: 290.0 kcal | 24.0 g protein | 18.0 g fat | 544.7 mg sodium | 3.0 g carbs | 2.0 g fibre.
Nutrition profile: moderate-calorie (200–400 kcal), moderate-protein (10–24 g), high-fat (≥ 15 g), moderate-sodium (150–599 mg), low-carb (< 20 g), low-fibre (< 3 g).
User rating: 4.00/5 — very good.
Diet suitability: none specified.
Cuisine / style: sri lankan.
Meal type: main.
Main protein source: pork.
Cooking method: curry.
Additional attributes: slow cook."
doc_00195,Sri Lankan Potato Curry,160.0,3.0,6.0,614.9,24.0,1.2,4.00,"Recipe: Sri Lankan Potato Curry.
Nutrition per serving: 160.0 kcal | 3.0 g protein | 6.0 g fat | 614.9 mg sodium | 24.0 g carbs | 1.2 g fibre.
Nutrition profile: low-calorie (< 200 kcal), low-protein (< 10 g), moderate-fat (5–14 g), high-sodium (≥ 600 mg), moderate-carb (20–50 g), low-fibre (< 3 g).
User rating: 4.00/5 — very good.
Diet suitability: vegan.
Cuisine / style: sri lankan.
Meal type: side.
Main protein source: not specified.
Cooking method: curry.
Additional attributes: potato, vegetable."
doc_00196,Sri Lankan Puhul Dosi Ash Pumpkin Preserve,180.0,1.0,0.0,251.9,46.0,5.2,4.00,"Recipe: Sri Lankan Puhul Dosi Ash Pumpkin Preserve.
Nutrition per serving: 180.0 kcal | 1.0 g protein | 0.0 g fat | 251.9 mg sodium | 46.0 g carbs | 5.2 g fibre.
Nutrition profile: low-calorie (< 200 kcal), low-protein (< 10 g), low-fat (< 5 g), moderate-sodium (150–599 mg), moderate-carb (20–50 g), moderate-fibre (3–7 g).
User rating: 4.00/5 — very good.
Diet suitability: vegan.
Cuisine / style: sri lankan.
Meal type: dessert.
Main protein source: not specified.
Cooking method: preserve.
Additional attributes: puhul dosi, preserve, traditional."
doc_00197,Sri Lankan Pumpkin Curry,100.0,2.0,5.0,648.9,13.0,6.4,4.00,"Recipe: Sri Lankan Pumpkin Curry.
Nutrition per serving: 100.0 kcal | 2.0 g protein | 5.0 g fat | 648.9 mg sodium | 13.0 g carbs | 6.4 g fibre.
Nutrition profile: low-calorie (< 200 kcal), low-protein (< 10 g), moderate-fat (5–14 g), high-sodium (≥ 600 mg), low-carb (< 20 g), moderate-fibre (3–7 g).
User rating: 4.00/5 — very good.
Diet suitability: vegan.
Cuisine / style: sri lankan.
Meal type: side.
Main protein source: not specified.
Cooking method: curry.
Additional attributes: pumpkin, vegetable, coconut milk."
doc_00198,Sri Lankan Raw Papaya Curry,80.0,2.0,4.0,596.5,11.0,2.1,3.80,"Recipe: Sri Lankan Raw Papaya Curry.
Nutrition per serving: 80.0 kcal | 2.0 g protein | 4.0 g fat | 596.5 mg sodium | 11.0 g carbs | 2.1 g fibre.
Nutrition profile: low-calorie (< 200 kcal), low-protein (< 10 g), low-fat (< 5 g), moderate-sodium (150–599 mg), low-carb (< 20 g), low-fibre (< 3 g).
User rating: 3.80/5 — good.
Diet suitability: vegan.
Cuisine / style: sri lankan.
Meal type: side.
Main protein source: not specified.
Cooking method: curry.
Additional attributes: papaya, vegetable."
doc_00199,Sri Lankan Scrambled Eggs Green Chilli,160.0,13.0,11.0,241.1,2.0,0.1,4.00,"Recipe: Sri Lankan Scrambled Eggs Green Chilli.
Nutrition per serving: 160.0 kcal | 13.0 g protein | 11.0 g fat | 241.1 mg sodium | 2.0 g carbs | 0.1 g fibre.
Nutrition profile: low-calorie (< 200 kcal), moderate-protein (10–24 g), moderate-fat (5–14 g), moderate-sodium (150–599 mg), low-carb (< 20 g), low-fibre (< 3 g).
User rating: 4.00/5 — very good.
Diet suitability: vegetarian.
Cuisine / style: sri lankan.
Meal type: breakfast.
Main protein source: egg.
Cooking method: fry.
Additional attributes: scrambled eggs, breakfast, spicy."
doc_00200,Sri Lankan Seeni Sambol,130.0,2.0,6.0,359.2,18.0,1.3,4.50,"Recipe: Sri Lankan Seeni Sambol.
Nutrition per serving: 130.0 kcal | 2.0 g protein | 6.0 g fat | 359.2 mg sodium | 18.0 g carbs | 1.3 g fibre.
Nutrition profile: low-calorie (< 200 kcal), low-protein (< 10 g), moderate-fat (5–14 g), moderate-sodium (150–599 mg), low-carb (< 20 g), low-fibre (< 3 g).
User rating: 4.50/5 — outstanding.
Diet suitability: vegan.
Cuisine / style: sri lankan.
Meal type: side.
Main protein source: not specified.
Cooking method: sauté.
Additional attributes: seeni sambol, caramelised onion, traditional."
doc_00201,Sri Lankan Short Eats Patties,200.0,7.0,10.0,150.4,24.0,2.9,4.00,"Recipe: Sri Lankan Short Eats Patties.
Nutrition per serving: 200.0 kcal | 7.0 g protein | 10.0 g fat | 150.4 mg sodium | 24.0 g carbs | 2.9 g fibre.
Nutrition profile: moderate-calorie (200–400 kcal), low-protein (< 10 g), moderate-fat (5–14 g), moderate-sodium (150–599 mg), moderate-carb (20–50 g), low-fibre (< 3 g).
User rating: 4.00/5 — very good.
Diet suitability: none specified.
Cuisine / style: sri lankan.
Meal type: snack.
Main protein source: not specified.
Cooking method: bake.
Additional attributes: patties, short eats, bakery."
doc_00202,Sri Lankan Short Eats Rolls,190.0,8.0,9.0,213.7,22.0,2.4,4.00,"Recipe: Sri Lankan Short Eats Rolls.
Nutrition per serving: 190.0 kcal | 8.0 g protein | 9.0 g fat | 213.7 mg sodium | 22.0 g carbs | 2.4 g fibre.
Nutrition profile: low-calorie (< 200 kcal), low-protein (< 10 g), moderate-fat (5–14 g), moderate-sodium (150–599 mg), moderate-carb (20–50 g), low-fibre (< 3 g).
User rating: 4.00/5 — very good.
Diet suitability: none specified.
Cuisine / style: sri lankan.
Meal type: snack.
Main protein source: not specified.
Cooking method: fry.
Additional attributes: rolls, short eats, bakery."
doc_00203,Sri Lankan Sprats Curry Isso,170.0,18.0,8.0,980.5,3.0,1.5,4.00,"Recipe: Sri Lankan Sprats Curry Isso.
Nutrition per serving: 170.0 kcal | 18.0 g protein | 8.0 g fat | 980.5 mg sodium | 3.0 g carbs | 1.5 g fibre.
Nutrition profile: low-calorie (< 200 kcal), moderate-protein (10–24 g), moderate-fat (5–14 g), high-sodium (≥ 600 mg), low-carb (< 20 g), low-fibre (< 3 g).
User rating: 4.00/5 — very good.
Diet suitability: none specified.
Cuisine / style: sri lankan.
Meal type: main.
Main protein source: fish.
Cooking method: curry.
Additional attributes: isso, sprats, small fish."
doc_00204,Sri Lankan Squid Curry,190.0,20.0,9.0,408.9,7.0,2.2,4.00,"Recipe: Sri Lankan Squid Curry.
Nutrition per serving: 190.0 kcal | 20.0 g protein | 9.0 g fat | 408.9 mg sodium | 7.0 g carbs | 2.2 g fibre.
Nutrition profile: low-calorie (< 200 kcal), moderate-protein (10–24 g), moderate-fat (5–14 g), moderate-sodium (150–599 mg), low-carb (< 20 g), low-fibre (< 3 g).
User rating: 4.00/5 — very good.
Diet suitability: none specified.
Cuisine / style: sri lankan.
Meal type: main.
Main protein source: fish.
Cooking method: curry.
Additional attributes: seafood, squid."
doc_00205,Sri Lankan Sweet Potato Curry,150.0,3.0,6.0,388.2,24.0,1.4,4.00,"Recipe: Sri Lankan Sweet Potato Curry.
Nutrition per serving: 150.0 kcal | 3.0 g protein | 6.0 g fat | 388.2 mg sodium | 24.0 g carbs | 1.4 g fibre.
Nutrition profile: low-calorie (< 200 kcal), low-protein (< 10 g), moderate-fat (5–14 g), moderate-sodium (150–599 mg), moderate-carb (20–50 g), low-fibre (< 3 g).
User rating: 4.00/5 — very good.
Diet suitability: vegan.
Cuisine / style: sri lankan.
Meal type: side.
Main protein source: not specified.
Cooking method: curry.
Additional attributes: sweet potato, vegetable, coconut milk."
doc_00206,Sri Lankan Tempered Bitter Gourd Karawila,70.0,2.0,4.0,168.8,8.0,6.5,3.80,"Recipe: Sri Lankan Tempered Bitter Gourd Karawila.
Nutrition per serving: 70.0 kcal | 2.0 g protein | 4.0 g fat | 168.8 mg sodium | 8.0 g carbs | 6.5 g fibre.
Nutrition profile: low-calorie (< 200 kcal), low-protein (< 10 g), low-fat (< 5 g), moderate-sodium (150–599 mg), low-carb (< 20 g), moderate-fibre (3–7 g).
User rating: 3.80/5 — good.
Diet suitability: vegan.
Cuisine / style: sri lankan.
Meal type: side.
Main protein source: not specified.
Cooking method: temper.
Additional attributes: bitter gourd, karawila, healthy."
doc_00207,Sri Lankan Tempered Cabbage,55.0,2.0,3.0,156.2,6.0,5.9,4.00,"Recipe: Sri Lankan Tempered Cabbage.
Nutrition per serving: 55.0 kcal | 2.0 g protein | 3.0 g fat | 156.2 mg sodium | 6.0 g carbs | 5.9 g fibre.
Nutrition profile: low-calorie (< 200 kcal), low-protein (< 10 g), low-fat (< 5 g), moderate-sodium (150–599 mg), low-carb (< 20 g), moderate-fibre (3–7 g).
User rating: 4.00/5 — very good.
Diet suitability: vegan.
Cuisine / style: sri lankan.
Meal type: side.
Main protein source: not specified.
Cooking method: temper.
Additional attributes: cabbage, vegetable."
doc_00208,Sri Lankan Tempered Carrot,65.0,1.0,3.0,233.0,9.0,6.7,4.00,"Recipe: Sri Lankan Tempered Carrot.
Nutrition per serving: 65.0 kcal | 1.0 g protein | 3.0 g fat | 233.0 mg sodium | 9.0 g carbs | 6.7 g fibre.
Nutrition profile: low-calorie (< 200 kcal), low-protein (< 10 g), low-fat (< 5 g), moderate-sodium (150–599 mg), low-carb (< 20 g), moderate-fibre (3–7 g).
User rating: 4.00/5 — very good.
Diet suitability: vegan.
Cuisine / style: sri lankan.
Meal type: side.
Main protein source: not specified.
Cooking method: temper.
Additional attributes: carrot, vegetable."
doc_00209,Sri Lankan Tempered Green Beans,60.0,2.0,3.0,376.0,7.0,9.2,4.00,"Recipe: Sri Lankan Tempered Green Beans.
Nutrition per serving: 60.0 kcal | 2.0 g protein | 3.0 g fat | 376.0 mg sodium | 7.0 g carbs | 9.2 g fibre.
Nutrition profile: low-calorie (< 200 kcal), low-protein (< 10 g), low-fat (< 5 g), moderate-sodium (150–599 mg), low-carb (< 20 g), high-fibre (> 7 g).
User rating: 4.00/5 — very good.
Diet suitability: vegan.
Cuisine / style: sri lankan.
Meal type: side.
Main protein source: not specified.
Cooking method: temper.
Additional attributes: green beans, vegetable."
doc_00210,Sri Lankan Tempered Leeks,65.0,2.0,3.0,358.6,8.0,2.2,4.00,"Recipe: Sri Lankan Tempered Leeks.
Nutrition per serving: 65.0 kcal | 2.0 g protein | 3.0 g fat | 358.6 mg sodium | 8.0 g carbs | 2.2 g fibre.
Nutrition profile: low-calorie (< 200 kcal), low-protein (< 10 g), low-fat (< 5 g), moderate-sodium (150–599 mg), low-carb (< 20 g), low-fibre (< 3 g).
User rating: 4.00/5 — very good.
Diet suitability: vegan.
Cuisine / style: sri lankan.
Meal type: side.
Main protein source: not specified.
Cooking method: temper.
Additional attributes: leeks, vegetable."
doc_00211,Sri Lankan Tomato Salad,45.0,1.0,2.0,350.6,6.0,2.7,3.80,"Recipe: Sri Lankan Tomato Salad.
Nutrition per serving: 45.0 kcal | 1.0 g protein | 2.0 g fat | 350.6 mg sodium | 6.0 g carbs | 2.7 g fibre.
Nutrition profile: low-calorie (< 200 kcal), low-protein (< 10 g), low-fat (< 5 g), moderate-sodium (150–599 mg), low-carb (< 20 g), low-fibre (< 3 g).
User rating: 3.80/5 — good.
Diet suitability: vegan.
Cuisine / style: sri lankan.
Meal type: side.
Main protein source: not specified.
Cooking method: mix.
Additional attributes: tomato, salad, fresh."
doc_00212,Sri Lankan Vegetable Cutlets,140.0,5.0,6.0,246.3,18.0,5.3,4.00,"Recipe: Sri Lankan Vegetable Cutlets.
Nutrition per serving: 140.0 kcal | 5.0 g protein | 6.0 g fat | 246.3 mg sodium | 18.0 g carbs | 5.3 g fibre.
Nutrition profile: low-calorie (< 200 kcal), low-protein (< 10 g), moderate-fat (5–14 g), moderate-sodium (150–599 mg), low-carb (< 20 g), moderate-fibre (3–7 g).
User rating: 4.00/5 — very good.
Diet suitability: vegetarian.
Cuisine / style: sri lankan.
Meal type: snack.
Main protein source: not specified.
Cooking method: fry.
Additional attributes: cutlets, vegetarian, short eats."
doc_00213,Sri Lankan Vegetable Soup,65.0,3.0,2.0,630.2,10.0,4.2,4.00,"Recipe: Sri Lankan Vegetable Soup.
Nutrition per serving: 65.0 kcal | 3.0 g protein | 2.0 g fat | 630.2 mg sodium | 10.0 g carbs | 4.2 g fibre.
Nutrition profile: low-calorie (< 200 kcal), low-protein (< 10 g), low-fat (< 5 g), high-sodium (≥ 600 mg), low-carb (< 20 g), moderate-fibre (3–7 g).
User rating: 4.00/5 — very good.
Diet suitability: vegan.
Cuisine / style: sri lankan.
Meal type: side.
Main protein source: not specified.
Cooking method: boil.
Additional attributes: soup, vegetable, healthy."
doc_00214,Sri Lankan Wood Apple Juice,95.0,1.0,0.5,9.5,22.0,3.3,4.00,"Recipe: Sri Lankan Wood Apple Juice.
Nutrition per serving: 95.0 kcal | 1.0 g protein | 0.5 g fat | 9.5 mg sodium | 22.0 g carbs | 3.3 g fibre.
Nutrition profile: low-calorie (< 200 kcal), low-protein (< 10 g), low-fat (< 5 g), low-sodium (< 150 mg), moderate-carb (20–50 g), moderate-fibre (3–7 g).
User rating: 4.00/5 — very good.
Diet suitability: vegan.
Cuisine / style: sri lankan.
Meal type: drink.
Main protein source: not specified.
Cooking method: blend.
Additional attributes: wood apple, beli, traditional drink."
doc_00215,Sri Lankan Yellow Rice,470.0,17.0,19.0,314.2,62.0,3.3,4.50,"Recipe: Sri Lankan Yellow Rice.
Nutrition per serving: 470.0 kcal | 17.0 g protein | 19.0 g fat | 314.2 mg sodium | 62.0 g carbs | 3.3 g fibre.
Nutrition profile: high-calorie (400–700 kcal), moderate-protein (10–24 g), high-fat (≥ 15 g), moderate-sodium (150–599 mg), high-carb (> 50 g), moderate-fibre (3–7 g).
User rating: 4.50/5 — outstanding.
Diet suitability: vegetarian.
Cuisine / style: sri lankan.
Meal type: main.
Main protein source: not specified.
Cooking method: cook.
Additional attributes: yellow rice, turmeric, festive."
doc_00216,String Hoppers with Pol Sambol,280.0,6.0,14.0,568.7,36.0,1.9,4.50,"Recipe: String Hoppers with Pol Sambol.
Nutrition per serving: 280.0 kcal | 6.0 g protein | 14.0 g fat | 568.7 mg sodium | 36.0 g carbs | 1.9 g fibre.
Nutrition profile: moderate-calorie (200–400 kcal), low-protein (< 10 g), moderate-fat (5–14 g), moderate-sodium (150–599 mg), moderate-carb (20–50 g), low-fibre (< 3 g).
User rating: 4.50/5 — outstanding.
Diet suitability: vegetarian.
Cuisine / style: sri lankan.
Meal type: breakfast.
Main protein source: not specified.
Cooking method: traditional sri lankan cooking.
Additional attributes: string hoppers, idiyappam."
doc_00217,Tamil Sri Lankan Adhirasam,280.0,4.0,10.0,733.8,46.0,3.0,4.00,"Recipe: Tamil Sri Lankan Adhirasam.
Nutrition per serving: 280.0 kcal | 4.0 g protein | 10.0 g fat | 733.8 mg sodium | 46.0 g carbs | 3.0 g fibre.
Nutrition profile: moderate-calorie (200–400 kcal), low-protein (< 10 g), moderate-fat (5–14 g), high-sodium (≥ 600 mg), moderate-carb (20–50 g), moderate-fibre (3–7 g).
User rating: 4.00/5 — very good.
Diet suitability: vegan.
Cuisine / style: sri lankan.
Meal type: dessert.
Main protein source: not specified.
Cooking method: fry.
Additional attributes: adhirasam, sweet, tamil, traditional."
doc_00218,Tamil Sri Lankan Avial Mixed Vegetable Curry,140.0,4.0,8.0,377.8,14.0,5.8,4.50,"Recipe: Tamil Sri Lankan Avial Mixed Vegetable Curry.
Nutrition per serving: 140.0 kcal | 4.0 g protein | 8.0 g fat | 377.8 mg sodium | 14.0 g carbs | 5.8 g fibre.
Nutrition profile: low-calorie (< 200 kcal), low-protein (< 10 g), moderate-fat (5–14 g), moderate-sodium (150–599 mg), low-carb (< 20 g), moderate-fibre (3–7 g).
User rating: 4.50/5 — outstanding.
Diet suitability: vegan.
Cuisine / style: sri lankan.
Meal type: side.
Main protein source: not specified.
Cooking method: curry.
Additional attributes: avial, mixed vegetable, tamil, coconut."
doc_00219,Tamil Sri Lankan Carrot Halwa,320.0,5.0,12.0,264.1,52.0,6.2,4.00,"Recipe: Tamil Sri Lankan Carrot Halwa.
Nutrition per serving: 320.0 kcal | 5.0 g protein | 12.0 g fat | 264.1 mg sodium | 52.0 g carbs | 6.2 g fibre.
Nutrition profile: moderate-calorie (200–400 kcal), low-protein (< 10 g), moderate-fat (5–14 g), moderate-sodium (150–599 mg), high-carb (> 50 g), moderate-fibre (3–7 g).
User rating: 4.00/5 — very good.
Diet suitability: vegetarian.
Cuisine / style: sri lankan.
Meal type: dessert.
Main protein source: not specified.
Cooking method: cook.
Additional attributes: halwa, carrot, tamil, sweet."
doc_00220,Tamil Sri Lankan Coconut Chutney,80.0,1.0,6.0,194.0,5.0,4.9,4.00,"Recipe: Tamil Sri Lankan Coconut Chutney.
Nutrition per serving: 80.0 kcal | 1.0 g protein | 6.0 g fat | 194.0 mg sodium | 5.0 g carbs | 4.9 g fibre.
Nutrition profile: low-calorie (< 200 kcal), low-protein (< 10 g), moderate-fat (5–14 g), moderate-sodium (150–599 mg), low-carb (< 20 g), moderate-fibre (3–7 g).
User rating: 4.00/5 — very good.
Diet suitability: vegan.
Cuisine / style: sri lankan.
Meal type: side.
Main protein source: not specified.
Cooking method: grind.
Additional attributes: coconut chutney, tamil, condiment."
doc_00221,Tamil Sri Lankan Kootu Vegetable Lentil,160.0,8.0,5.0,273.6,22.0,8.0,4.50,"Recipe: Tamil Sri Lankan Kootu Vegetable Lentil.
Nutrition per serving: 160.0 kcal | 8.0 g protein | 5.0 g fat | 273.6 mg sodium | 22.0 g carbs | 8.0 g fibre.
Nutrition profile: low-calorie (< 200 kcal), low-protein (< 10 g), moderate-fat (5–14 g), moderate-sodium (150–599 mg), moderate-carb (20–50 g), high-fibre (> 7 g).
User rating: 4.50/5 — outstanding.
Diet suitability: vegan.
Cuisine / style: sri lankan.
Meal type: side.
Main protein source: lentil.
Cooking method: boil.
Additional attributes: kootu, lentil vegetable, tamil."
doc_00222,Tamil Sri Lankan Murungakkai Sambar,110.0,5.0,3.0,314.0,16.0,5.0,4.50,"Recipe: Tamil Sri Lankan Murungakkai Sambar.
Nutrition per serving: 110.0 kcal | 5.0 g protein | 3.0 g fat | 314.0 mg sodium | 16.0 g carbs | 5.0 g fibre.
Nutrition profile: low-calorie (< 200 kcal), low-protein (< 10 g), low-fat (< 5 g), moderate-sodium (150–599 mg), low-carb (< 20 g), moderate-fibre (3–7 g).
User rating: 4.50/5 — outstanding.
Diet suitability: vegan.
Cuisine / style: sri lankan.
Meal type: side.
Main protein source: lentil.
Cooking method: boil.
Additional attributes: drumstick sambar, murungakkai, tamil."
doc_00223,Tamil Sri Lankan Payasam,290.0,6.0,8.0,212.3,50.0,2.7,4.50,"Recipe: Tamil Sri Lankan Payasam.
Nutrition per serving: 290.0 kcal | 6.0 g protein | 8.0 g fat | 212.3 mg sodium | 50.0 g carbs | 2.7 g fibre.
Nutrition profile: moderate-calorie (200–400 kcal), low-protein (< 10 g), moderate-fat (5–14 g), moderate-sodium (150–599 mg), moderate-carb (20–50 g), low-fibre (< 3 g).
User rating: 4.50/5 — outstanding.
Diet suitability: vegetarian.
Cuisine / style: sri lankan.
Meal type: dessert.
Main protein source: not specified.
Cooking method: boil.
Additional attributes: payasam, kheer, tamil, sweet, milk."
doc_00224,Tamil Sri Lankan Savoury Pongal,280.0,9.0,8.0,337.7,44.0,2.5,4.50,"Recipe: Tamil Sri Lankan Savoury Pongal.
Nutrition per serving: 280.0 kcal | 9.0 g protein | 8.0 g fat | 337.7 mg sodium | 44.0 g carbs | 2.5 g fibre.
Nutrition profile: moderate-calorie (200–400 kcal), low-protein (< 10 g), moderate-fat (5–14 g), moderate-sodium (150–599 mg), moderate-carb (20–50 g), low-fibre (< 3 g).
User rating: 4.50/5 — outstanding.
Diet suitability: vegan.
Cuisine / style: sri lankan.
Meal type: breakfast.
Main protein source: not specified.
Cooking method: boil.
Additional attributes: pongal, savoury, ven pongal, tamil."
doc_00225,Tamil Sri Lankan Sweet Pongal,320.0,7.0,10.0,39.6,52.0,1.9,4.50,"Recipe: Tamil Sri Lankan Sweet Pongal.
Nutrition per serving: 320.0 kcal | 7.0 g protein | 10.0 g fat | 39.6 mg sodium | 52.0 g carbs | 1.9 g fibre.
Nutrition profile: moderate-calorie (200–400 kcal), low-protein (< 10 g), moderate-fat (5–14 g), low-sodium (< 150 mg), high-carb (> 50 g), low-fibre (< 3 g).
User rating: 4.50/5 — outstanding.
Diet suitability: vegetarian.
Cuisine / style: sri lankan.
Meal type: dessert.
Main protein source: not specified.
Cooking method: boil.
Additional attributes: pongal, sweet, chakra pongal, tamil."
doc_00226,Tamil Sri Lankan Tomato Chutney,60.0,1.0,3.0,279.5,8.0,1.1,4.00,"Recipe: Tamil Sri Lankan Tomato Chutney.
Nutrition per serving: 60.0 kcal | 1.0 g protein | 3.0 g fat | 279.5 mg sodium | 8.0 g carbs | 1.1 g fibre.
Nutrition profile: low-calorie (< 200 kcal), low-protein (< 10 g), low-fat (< 5 g), moderate-sodium (150–599 mg), low-carb (< 20 g), low-fibre (< 3 g).
User rating: 4.00/5 — very good.
Diet suitability: vegan.
Cuisine / style: sri lankan.
Meal type: side.
Main protein source: not specified.
Cooking method: sauté.
Additional attributes: tomato chutney, tamil, condiment."
doc_00227,Thala Bola,26.0,0.6,1.6,271.4,3.2,1.4,4.00,"Recipe: Thala Bola.
Nutrition per serving: 26.0 kcal | 0.6 g protein | 1.6 g fat | 271.4 mg sodium | 3.2 g carbs | 1.4 g fibre.
Nutrition profile: low-calorie (< 200 kcal), low-protein (< 10 g), low-fat (< 5 g), moderate-sodium (150–599 mg), low-carb (< 20 g), low-fibre (< 3 g).
User rating: 4.00/5 — very good.
Diet suitability: vegetarian.
Cuisine / style: sri lankan.
Meal type: snack.
Main protein source: not specified.
Cooking method: standard.
Additional attributes: sri lankan, traditional."
doc_00228,Thati Paan,250.0,8.0,2.5,156.6,50.0,1.4,4.00,"Recipe: Thati Paan.
Nutrition per serving: 250.0 kcal | 8.0 g protein | 2.5 g fat | 156.6 mg sodium | 50.0 g carbs | 1.4 g fibre.
Nutrition profile: moderate-calorie (200–400 kcal), low-protein (< 10 g), low-fat (< 5 g), moderate-sodium (150–599 mg), moderate-carb (20–50 g), low-fibre (< 3 g).
User rating: 4.00/5 — very good.
Diet suitability: vegetarian.
Cuisine / style: sri lankan.
Meal type: main.
Main protein source: not specified.
Cooking method: standard.
Additional attributes: sri lankan, traditional."
doc_00229,Tomato sauce,41.0,0.4,0.5,249.9,8.8,1.4,4.00,"Recipe: Tomato sauce.
Nutrition per serving: 41.0 kcal | 0.4 g protein | 0.5 g fat | 249.9 mg sodium | 8.8 g carbs | 1.4 g fibre.
Nutrition profile: low-calorie (< 200 kcal), low-protein (< 10 g), low-fat (< 5 g), moderate-sodium (150–599 mg), low-carb (< 20 g), low-fibre (< 3 g).
User rating: 4.00/5 — very good.
Diet suitability: vegetarian.
Cuisine / style: sri lankan.
Meal type: side.
Main protein source: not specified.
Cooking method: standard.
Additional attributes: sri lankan, traditional."
doc_00230,Tuna,132.0,29.0,0.6,392.2,0.0,1.2,4.00,"Recipe: Tuna.
Nutrition per serving: 132.0 kcal | 29.0 g protein | 0.6 g fat | 392.2 mg sodium | 0.0 g carbs | 1.2 g fibre.
Nutrition profile: low-calorie (< 200 kcal), high-protein (≥ 25 g), low-fat (< 5 g), moderate-sodium (150–599 mg), low-carb (< 20 g), low-fibre (< 3 g).
User rating: 4.00/5 — very good.
Diet suitability: none specified.
Cuisine / style: sri lankan.
Meal type: main.
Main protein source: tuna.
Cooking method: standard.
Additional attributes: sri lankan, traditional."
doc_00231,Vegetable curry with coconut milk,120.0,1.0,9.0,554.3,10.0,4.5,4.00,"Recipe: Vegetable curry with coconut milk.
Nutrition per serving: 120.0 kcal | 1.0 g protein | 9.0 g fat | 554.3 mg sodium | 10.0 g carbs | 4.5 g fibre.
Nutrition profile: low-calorie (< 200 kcal), low-protein (< 10 g), moderate-fat (5–14 g), moderate-sodium (150–599 mg), low-carb (< 20 g), moderate-fibre (3–7 g).
User rating: 4.00/5 — very good.
Diet suitability: vegetarian.
Cuisine / style: sri lankan.
Meal type: side.
Main protein source: not specified.
Cooking method: curry.
Additional attributes: sri lankan, traditional."
doc_00232,Vegetable curry with coconut oil,80.0,1.0,5.0,448.1,12.0,3.8,4.00,"Recipe: Vegetable curry with coconut oil.
Nutrition per serving: 80.0 kcal | 1.0 g protein | 5.0 g fat | 448.1 mg sodium | 12.0 g carbs | 3.8 g fibre.
Nutrition profile: low-calorie (< 200 kcal), low-protein (< 10 g), moderate-fat (5–14 g), moderate-sodium (150–599 mg), low-carb (< 20 g), moderate-fibre (3–7 g).
User rating: 4.00/5 — very good.
Diet suitability: vegetarian.
Cuisine / style: sri lankan.
Meal type: side.
Main protein source: not specified.
Cooking method: curry.
Additional attributes: sri lankan, traditional."
doc_00233,Vegetable Roll,120.0,3.0,4.0,255.8,18.0,3.8,4.00,"Recipe: Vegetable Roll.
Nutrition per serving: 120.0 kcal | 3.0 g protein | 4.0 g fat | 255.8 mg sodium | 18.0 g carbs | 3.8 g fibre.
Nutrition profile: low-calorie (< 200 kcal), low-protein (< 10 g), low-fat (< 5 g), moderate-sodium (150–599 mg), low-carb (< 20 g), moderate-fibre (3–7 g).
User rating: 4.00/5 — very good.
Diet suitability: vegetarian.
Cuisine / style: sri lankan.
Meal type: snack.
Main protein source: not specified.
Cooking method: standard.
Additional attributes: sri lankan, traditional."
doc_00234,Vegetable Soup,30.0,1.5,0.3,514.5,6.0,3.1,4.00,"Recipe: Vegetable Soup.
Nutrition per serving: 30.0 kcal | 1.5 g protein | 0.3 g fat | 514.5 mg sodium | 6.0 g carbs | 3.1 g fibre.
Nutrition profile: low-calorie (< 200 kcal), low-protein (< 10 g), low-fat (< 5 g), moderate-sodium (150–599 mg), low-carb (< 20 g), moderate-fibre (3–7 g).
User rating: 4.00/5 — very good.
Diet suitability: vegetarian.
Cuisine / style: sri lankan.
Meal type: side.
Main protein source: not specified.
Cooking method: standard.
Additional attributes: sri lankan, traditional."
doc_00235,Walnuts,190.0,4.0,18.0,208.8,4.0,1.2,4.00,"Recipe: Walnuts.
Nutrition per serving: 190.0 kcal | 4.0 g protein | 18.0 g fat | 208.8 mg sodium | 4.0 g carbs | 1.2 g fibre.
Nutrition profile: low-calorie (< 200 kcal), low-protein (< 10 g), high-fat (≥ 15 g), moderate-sodium (150–599 mg), low-carb (< 20 g), low-fibre (< 3 g).
User rating: 4.00/5 — very good.
Diet suitability: vegetarian.
Cuisine / style: sri lankan.
Meal type: side.
Main protein source: not specified.
Cooking method: standard.
Additional attributes: sri lankan, traditional."
doc_00236,Wandu,205.0,2.0,1.0,226.9,46.0,1.1,4.00,"Recipe: Wandu.
Nutrition per serving: 205.0 kcal | 2.0 g protein | 1.0 g fat | 226.9 mg sodium | 46.0 g carbs | 1.1 g fibre.
Nutrition profile: moderate-calorie (200–400 kcal), low-protein (< 10 g), low-fat (< 5 g), moderate-sodium (150–599 mg), moderate-carb (20–50 g), low-fibre (< 3 g).
User rating: 4.00/5 — very good.
Diet suitability: vegetarian.
Cuisine / style: sri lankan.
Meal type: dessert.
Main protein source: not specified.
Cooking method: standard.
Additional attributes: sri lankan, traditional."
doc_00237,Watermelon,30.0,0.6,0.2,340.6,7.6,3.6,4.00,"Recipe: Watermelon.
Nutrition per serving: 30.0 kcal | 0.6 g protein | 0.2 g fat | 340.6 mg sodium | 7.6 g carbs | 3.6 g fibre.
Nutrition profile: low-calorie (< 200 kcal), low-protein (< 10 g), low-fat (< 5 g), moderate-sodium (150–599 mg), low-carb (< 20 g), moderate-fibre (3–7 g).
User rating: 4.00/5 — very good.
Diet suitability: vegetarian.
Cuisine / style: sri lankan.
Meal type: drink.
Main protein source: not specified.
Cooking method: standard.
Additional attributes: sri lankan, traditional."
doc_00238,Wattalappam Sri Lankan Coconut Custard,310.0,7.0,12.0,372.9,46.0,3.8,4.50,"Recipe: Wattalappam Sri Lankan Coconut Custard.
Nutrition per serving: 310.0 kcal | 7.0 g protein | 12.0 g fat | 372.9 mg sodium | 46.0 g carbs | 3.8 g fibre.
Nutrition profile: moderate-calorie (200–400 kcal), low-protein (< 10 g), moderate-fat (5–14 g), moderate-sodium (150–599 mg), moderate-carb (20–50 g), moderate-fibre (3–7 g).
User rating: 4.50/5 — outstanding.
Diet suitability: vegetarian.
Cuisine / style: sri lankan.
Meal type: dessert.
Main protein source: not specified.
Cooking method: steam.
Additional attributes: wattalappam, coconut custard, kithul, traditional."
doc_00239,White Bread,270.0,9.0,3.0,323.0,50.0,1.3,4.00,"Recipe: White Bread.
Nutrition per serving: 270.0 kcal | 9.0 g protein | 3.0 g fat | 323.0 mg sodium | 50.0 g carbs | 1.3 g fibre.
Nutrition profile: moderate-calorie (200–400 kcal), low-protein (< 10 g), low-fat (< 5 g), moderate-sodium (150–599 mg), moderate-carb (20–50 g), low-fibre (< 3 g).
User rating: 4.00/5 — very good.
Diet suitability: vegetarian.
Cuisine / style: sri lankan.
Meal type: main.
Main protein source: not specified.
Cooking method: standard.
Additional attributes: sri lankan, traditional."
doc_00240,White Noodles,140.0,4.0,1.0,205.1,30.0,2.2,4.00,"Recipe: White Noodles.
Nutrition per serving: 140.0 kcal | 4.0 g protein | 1.0 g fat | 205.1 mg sodium | 30.0 g carbs | 2.2 g fibre.
Nutrition profile: low-calorie (< 200 kcal), low-protein (< 10 g), low-fat (< 5 g), moderate-sodium (150–599 mg), moderate-carb (20–50 g), low-fibre (< 3 g).
User rating: 4.00/5 — very good.
Diet suitability: vegetarian.
Cuisine / style: sri lankan.
Meal type: main.
Main protein source: not specified.
Cooking method: standard.
Additional attributes: sri lankan, traditional."
doc_00241,White Rice,110.0,2.0,0.0,259.9,24.0,1.1,4.00,"Recipe: White Rice.
Nutrition per serving: 110.0 kcal | 2.0 g protein | 0.0 g fat | 259.9 mg sodium | 24.0 g carbs | 1.1 g fibre.
Nutrition profile: low-calorie (< 200 kcal), low-protein (< 10 g), low-fat (< 5 g), moderate-sodium (150–599 mg), moderate-carb (20–50 g), low-fibre (< 3 g).
User rating: 4.00/5 — very good.
Diet suitability: vegetarian.
Cuisine / style: sri lankan.
Meal type: main.
Main protein source: not specified.
Cooking method: traditional sri lankan cooking.
Additional attributes: sri lankan, traditional."
doc_00242,White sugar,16.0,0.0,0.0,399.4,4.0,2.0,4.00,"Recipe: White sugar.
Nutrition per serving: 16.0 kcal | 0.0 g protein | 0.0 g fat | 399.4 mg sodium | 4.0 g carbs | 2.0 g fibre.
Nutrition profile: low-calorie (< 200 kcal), low-protein (< 10 g), low-fat (< 5 g), moderate-sodium (150–599 mg), low-carb (< 20 g), low-fibre (< 3 g).
User rating: 4.00/5 — very good.
Diet suitability: vegetarian.
Cuisine / style: sri lankan.
Meal type: side.
Main protein source: not specified.
Cooking method: standard.
Additional attributes: sri lankan, traditional."
doc_00243,Whole Milk,130.0,7.0,7.0,285.5,10.0,2.5,4.00,"Recipe: Whole Milk.
Nutrition per serving: 130.0 kcal | 7.0 g protein | 7.0 g fat | 285.5 mg sodium | 10.0 g carbs | 2.5 g fibre.
Nutrition profile: low-calorie (< 200 kcal), low-protein (< 10 g), moderate-fat (5–14 g), moderate-sodium (150–599 mg), low-carb (< 20 g), low-fibre (< 3 g).
User rating: 4.00/5 — very good.
Diet suitability: vegetarian.
Cuisine / style: sri lankan.
Meal type: drink.
Main protein source: not specified.
Cooking method: standard.
Additional attributes: sri lankan, traditional."
doc_00244,Wonder choc ice cream,206.0,2.4,14.0,209.5,18.0,2.3,4.00,"Recipe: Wonder choc ice cream.
Nutrition per serving: 206.0 kcal | 2.4 g protein | 14.0 g fat | 209.5 mg sodium | 18.0 g carbs | 2.3 g fibre.
Nutrition profile: moderate-calorie (200–400 kcal), low-protein (< 10 g), moderate-fat (5–14 g), moderate-sodium (150–599 mg), low-carb (< 20 g), low-fibre (< 3 g).
User rating: 4.00/5 — very good.
Diet suitability: vegetarian.
Cuisine / style: sri lankan.
Meal type: dessert.
Main protein source: not specified.
Cooking method: standard.
Additional attributes: sri lankan, traditional."
doc_00245,Yellow Rice,469.0,16.9,18.8,315.4,75.0,2.7,4.00,"Recipe: Yellow Rice.
Nutrition per serving: 469.0 kcal | 16.9 g protein | 18.8 g fat | 315.4 mg sodium | 75.0 g carbs | 2.7 g fibre.
Nutrition profile: high-calorie (400–700 kcal), moderate-protein (10–24 g), high-fat (≥ 15 g), moderate-sodium (150–599 mg), high-carb (> 50 g), low-fibre (< 3 g).
User rating: 4.00/5 — very good.
Diet suitability: vegetarian.
Cuisine / style: sri lankan.
Meal type: main.
Main protein source: not specified.
Cooking method: standard.
Additional attributes: sri lankan, traditional."
doc_00246,Yogurt,90.0,5.0,3.0,250.3,10.0,1.1,4.00,"Recipe: Yogurt.
Nutrition per serving: 90.0 kcal | 5.0 g protein | 3.0 g fat | 250.3 mg sodium | 10.0 g carbs | 1.1 g fibre.
Nutrition profile: low-calorie (< 200 kcal), low-protein (< 10 g), low-fat (< 5 g), moderate-sodium (150–599 mg), low-carb (< 20 g), low-fibre (< 3 g).
User rating: 4.00/5 — very good.
Diet suitability: vegetarian.
Cuisine / style: sri lankan.
Meal type: drink.
Main protein source: not specified.
Cooking method: standard.
Additional attributes: sri lankan, traditional."
doc_00247,"""Cannoli"" Ice Cream Sandwiches",379.0,7.0,20.0,289.0,42.8,6.0,3.75,"Recipe: ""Cannoli"" Ice Cream Sandwiches.
Nutrition per serving: 379 kcal | 7 g protein | 20 g fat | 289 mg sodium | 42.8 g carbs | 6.0 g fibre.
Nutrition profile: moderate-calorie (200–400 kcal), low-protein (< 10 g), moderate-fat (15–29 g), moderate-sodium (150–599 mg), moderate-carb (20–50 g), moderate-fibre (3–7 g).
User rating: 3.75/5 — well rated (3.0–3.9).
Diet suitability: kosher, pescatarian, vegetarian.
Cuisine / style: general.
Meal type: dessert.
Main protein source: not specified.
Cooking method: standard.
Additional attributes: chocolate, cream cheese, fall, freeze/chill, frozen dessert, kid-friendly, kidney friendly, peanut free, ricotta, soy free, spring, summer, tree nut free, winter."
doc_00248,"'Wichcraft'S Roasted Turkey, Avocado, Bacon, Onion Relish, & Aïoli On Ciabatta",1405.0,55.0,87.0,1336.0,100.5,6.0,5.00,"Recipe: 'Wichcraft'S Roasted Turkey, Avocado, Bacon, Onion Relish, & Aïoli On Ciabatta.
Nutrition per serving: 1405 kcal | 55 g protein | 87 g fat | 1336 mg sodium | 100.5 g carbs | 6.0 g fibre.
Nutrition profile: very high-calorie (over 700 kcal), high-protein (≥25 g), high-fat (≥ 30 g), high-sodium (≥ 600 mg), high-carb (> 50 g), moderate-fibre (3–7 g).
User rating: 5.00/5 — outstanding (≥ 4.5).
Diet suitability: none specified.
Cuisine / style: general.
Meal type: lunch, sandwich.
Main protein source: turkey.
Cooking method: bake.
Additional attributes: avocado, bacon, fall, onion, peanut free, soy free, tree nut free, vegetable."
doc_00249,A Hollywood Ham,647.0,52.0,27.0,3648.0,49.0,4.0,4.38,"Recipe: A Hollywood Ham.
Nutrition per serving: 647 kcal | 52 g protein | 27 g fat | 3648 mg sodium | 49.0 g carbs | 4.0 g fibre.
Nutrition profile: high-calorie (400–700 kcal), high-protein (≥25 g), moderate-fat (15–29 g), high-sodium (≥ 600 mg), moderate-carb (20–50 g), moderate-fibre (3–7 g).
User rating: 4.38/5 — highly rated (4.0–4.4).
Diet suitability: none specified.
Cuisine / style: general.
Meal type: general purpose.
Main protein source: not specified.
Cooking method: bake.
Additional attributes: apple, dried fruit, fruit juice, ham, kid-friendly, spring.
Note: this recipe has unusually extreme nutritional values."
doc_00250,A Simple Roast Turkey,1033.0,139.0,47.0,1251.0,13.5,6.0,5.00,"Recipe: A Simple Roast Turkey.
Nutrition per serving: 1033 kcal | 139 g protein | 47 g fat | 1251 mg sodium | 13.5 g carbs | 6.0 g fibre.
Nutrition profile: very high-calorie (over 700 kcal), high-protein (≥25 g), high-fat (≥ 30 g), high-sodium (≥ 600 mg), low-carb (< 20 g), moderate-fibre (3–7 g).
User rating: 5.00/5 — outstanding (≥ 4.5).
Diet suitability: sugar conscious.
Cuisine / style: general.
Meal type: dinner.
Main protein source: turkey.
Cooking method: roast.
Additional attributes: celery, onion, peanut free, rosemary, soy sauce, tree nut free.
Note: this recipe has unusually extreme nutritional values."
doc_00251,Absinthe'S Golden Yogurt Cake,2986.4,71.0,190.4,2139.0,247.2,6.0,5.00,"Recipe: Absinthe'S Golden Yogurt Cake.
Nutrition per serving: 2986 kcal | 71 g protein | 190 g fat | 2139 mg sodium | 247.2 g carbs | 6.0 g fibre.
Nutrition profile: very high-calorie (over 700 kcal), high-protein (≥25 g), high-fat (≥ 30 g), high-sodium (≥ 600 mg), high-carb (> 50 g), moderate-fibre (3–7 g).
User rating: 5.00/5 — outstanding (≥ 4.5).
Diet suitability: kosher, pescatarian, vegetarian.
Cuisine / style: general.
Meal type: dessert.
Main protein source: not specified.
Cooking method: bake.
Additional attributes: cake, kid-friendly, kidney friendly, lemon, milk/cream, peanut free, soy free, yogurt.
Note: this recipe has unusually extreme nutritional values."
doc_00252,Achiote Chicken With Tangerine Sauce,362.0,54.0,10.0,109.0,14.0,1.5,4.38,"Recipe: Achiote Chicken With Tangerine Sauce.
Nutrition per serving: 362 kcal | 54 g protein | 10 g fat | 109 mg sodium | 14.0 g carbs | 1.5 g fibre.
Nutrition profile: moderate-calorie (200–400 kcal), high-protein (≥25 g), low-fat (5–14 g), very low-sodium (< 150 mg), low-carb (< 20 g), low-fibre (< 3 g).
User rating: 4.38/5 — highly rated (4.0–4.4).
Diet suitability: low fat.
Cuisine / style: general.
Meal type: general purpose.
Main protein source: chicken.
Cooking method: quick & easy.
Additional attributes: low cal, marinate, pepper, sauté, tangerine."
doc_00253,African Adobo-Rubbed Tuna Steaks,766.0,49.0,49.0,2243.0,32.2,4.0,5.00,"Recipe: African Adobo-Rubbed Tuna Steaks.
Nutrition per serving: 766 kcal | 49 g protein | 49 g fat | 2243 mg sodium | 32.2 g carbs | 4.0 g fibre.
Nutrition profile: very high-calorie (over 700 kcal), high-protein (≥25 g), high-fat (≥ 30 g), high-sodium (≥ 600 mg), moderate-carb (20–50 g), moderate-fibre (3–7 g).
User rating: 5.00/5 — outstanding (≥ 4.5).
Diet suitability: healthy.
Cuisine / style: general.
Meal type: general purpose.
Main protein source: not specified.
Cooking method: standard.
Additional attributes: avocado, cucumber, fruit juice, lime, marinate, orange, sauté, spice, summer, tuna."
doc_00254,Almond Bread Pudding With Salted Caramel Sauce,1125.0,18.0,66.0,949.0,114.8,6.0,5.00,"Recipe: Almond Bread Pudding With Salted Caramel Sauce.
Nutrition per serving: 1125 kcal | 18 g protein | 66 g fat | 949 mg sodium | 114.8 g carbs | 6.0 g fibre.
Nutrition profile: very high-calorie (over 700 kcal), moderate-protein (10–24 g), high-fat (≥ 30 g), high-sodium (≥ 600 mg), high-carb (> 50 g), moderate-fibre (3–7 g).
User rating: 5.00/5 — outstanding (≥ 4.5).
Diet suitability: kosher, pescatarian, vegetarian.
Cuisine / style: general.
Meal type: dessert.
Main protein source: egg.
Cooking method: bake.
Additional attributes: almond, milk/cream, peanut free, soy free."
doc_00255,Almond Cheesecake With Sour Cream And Blackberries,992.0,16.0,61.0,555.0,94.8,6.0,4.38,"Recipe: Almond Cheesecake With Sour Cream And Blackberries.
Nutrition per serving: 992 kcal | 16 g protein | 61 g fat | 555 mg sodium | 94.8 g carbs | 6.0 g fibre.
Nutrition profile: very high-calorie (over 700 kcal), moderate-protein (10–24 g), high-fat (≥ 30 g), moderate-sodium (150–599 mg), high-carb (> 50 g), moderate-fibre (3–7 g).
User rating: 4.38/5 — highly rated (4.0–4.4).
Diet suitability: none specified.
Cuisine / style: general.
Meal type: dessert.
Main protein source: nut.
Cooking method: bake.
Additional attributes: almond, berry, blackberry, cake, cream cheese, dairy, fruit, peanut free, soy free, spring."
doc_00256,Almond-Crusted Salmon With Leek And Lemon Cream,670.0,41.0,50.0,318.0,14.0,4.0,4.38,"Recipe: Almond-Crusted Salmon With Leek And Lemon Cream.
Nutrition per serving: 670 kcal | 41 g protein | 50 g fat | 318 mg sodium | 14.0 g carbs | 4.0 g fibre.
Nutrition profile: high-calorie (400–700 kcal), high-protein (≥25 g), high-fat (≥ 30 g), moderate-sodium (150–599 mg), low-carb (< 20 g), moderate-fibre (3–7 g).
User rating: 4.38/5 — highly rated (4.0–4.4).
Diet suitability: none specified.
Cuisine / style: general.
Meal type: general purpose.
Main protein source: not specified.
Cooking method: standard.
Additional attributes: almond, leek, milk/cream, salmon, sauté, spring."
doc_00257,Alsatian-Style Apple Pie,425.0,6.0,23.0,186.0,48.5,6.0,3.75,"Recipe: Alsatian-Style Apple Pie.
Nutrition per serving: 425 kcal | 6 g protein | 23 g fat | 186 mg sodium | 48.5 g carbs | 6.0 g fibre.
Nutrition profile: high-calorie (400–700 kcal), low-protein (< 10 g), moderate-fat (15–29 g), moderate-sodium (150–599 mg), moderate-carb (20–50 g), moderate-fibre (3–7 g).
User rating: 3.75/5 — well rated (3.0–3.9).
Diet suitability: kosher, pescatarian, vegetarian.
Cuisine / style: general.
Meal type: dessert.
Main protein source: egg.
Cooking method: bake.
Additional attributes: apple, fall, kidney friendly, milk/cream, peanut free, soy free, tree nut free."
doc_00258,Amaretti Tiramisu,330.0,8.0,19.0,328.0,31.8,6.0,3.12,"Recipe: Amaretti Tiramisu.
Nutrition per serving: 330 kcal | 8 g protein | 19 g fat | 328 mg sodium | 31.8 g carbs | 6.0 g fibre.
Nutrition profile: moderate-calorie (200–400 kcal), low-protein (< 10 g), moderate-fat (15–29 g), moderate-sodium (150–599 mg), moderate-carb (20–50 g), moderate-fibre (3–7 g).
User rating: 3.12/5 — well rated (3.0–3.9).
Diet suitability: kosher, pescatarian, vegetarian.
Cuisine / style: general.
Meal type: dessert.
Main protein source: egg.
Cooking method: standard.
Additional attributes: chill, coffee, kidney friendly, milk/cream, peanut free, soy free, tree nut free."
doc_00259,Ann Pachett'S Spicy Seafood Chowder,396.0,47.0,13.0,2133.0,22.8,4.0,4.38,"Recipe: Ann Pachett'S Spicy Seafood Chowder.
Nutrition per serving: 396 kcal | 47 g protein | 13 g fat | 2133 mg sodium | 22.8 g carbs | 4.0 g fibre.
Nutrition profile: moderate-calorie (200–400 kcal), high-protein (≥25 g), low-fat (5–14 g), high-sodium (≥ 600 mg), moderate-carb (20–50 g), moderate-fibre (3–7 g).
User rating: 4.38/5 — highly rated (4.0–4.4).
Diet suitability: none specified.
Cuisine / style: general.
Meal type: soup/stew.
Main protein source: shrimp.
Cooking method: standard.
Additional attributes: bell pepper, clam, pasta, sauté, scallop, shellfish, simmer, tomato."
doc_00260,Anything Goes Donabe,412.0,40.0,17.0,1778.0,24.8,6.0,5.00,"Recipe: Anything Goes Donabe.
Nutrition per serving: 412 kcal | 40 g protein | 17 g fat | 1778 mg sodium | 24.8 g carbs | 6.0 g fibre.
Nutrition profile: high-calorie (400–700 kcal), high-protein (≥25 g), moderate-fat (15–29 g), high-sodium (≥ 600 mg), moderate-carb (20–50 g), moderate-fibre (3–7 g).
User rating: 5.00/5 — outstanding (≥ 4.5).
Diet suitability: healthy, low fat.
Cuisine / style: general.
Meal type: soup/stew.
Main protein source: chicken, fish, shrimp, tofu.
Cooking method: standard.
Additional attributes: cabbage, clam, kid-friendly, mushroom, noodle."
doc_00261,Apple Walnut Pancakes With Cinnamon Cream And Fudge Sauce '21' Club,358.0,3.0,21.0,21.0,39.2,4.0,4.38,"Recipe: Apple Walnut Pancakes With Cinnamon Cream And Fudge Sauce '21' Club.
Nutrition per serving: 358 kcal | 3 g protein | 21 g fat | 21 mg sodium | 39.2 g carbs | 4.0 g fibre.
Nutrition profile: moderate-calorie (200–400 kcal), low-protein (< 10 g), moderate-fat (15–29 g), very low-sodium (< 150 mg), moderate-carb (20–50 g), moderate-fibre (3–7 g).
User rating: 4.38/5 — highly rated (4.0–4.4).
Diet suitability: none specified.
Cuisine / style: general.
Meal type: dessert.
Main protein source: not specified.
Cooking method: standard.
Additional attributes: apple, chocolate, cinnamon, kid-friendly, lemon, milk/cream, sauté, walnut."
doc_00262,Apricot-Glazed Turkey With Roasted Onion And Shallot Gravy,1074.0,135.0,46.0,949.0,30.0,1.5,5.00,"Recipe: Apricot-Glazed Turkey With Roasted Onion And Shallot Gravy.
Nutrition per serving: 1074 kcal | 135 g protein | 46 g fat | 949 mg sodium | 30.0 g carbs | 1.5 g fibre.
Nutrition profile: very high-calorie (over 700 kcal), high-protein (≥25 g), high-fat (≥ 30 g), high-sodium (≥ 600 mg), moderate-carb (20–50 g), low-fibre (< 3 g).
User rating: 5.00/5 — outstanding (≥ 4.5).
Diet suitability: none specified.
Cuisine / style: general.
Meal type: general purpose.
Main protein source: turkey.
Cooking method: roast.
Additional attributes: apricot, ginger, herb, onion.
Note: this recipe has unusually extreme nutritional values."
doc_00263,Apricot-Raspberry Pavlovas With Sliced Almonds,426.0,6.0,10.0,46.0,78.0,6.0,4.38,"Recipe: Apricot-Raspberry Pavlovas With Sliced Almonds.
Nutrition per serving: 426 kcal | 6 g protein | 10 g fat | 46 mg sodium | 78.0 g carbs | 6.0 g fibre.
Nutrition profile: high-calorie (400–700 kcal), low-protein (< 10 g), low-fat (5–14 g), very low-sodium (< 150 mg), high-carb (> 50 g), moderate-fibre (3–7 g).
User rating: 4.38/5 — highly rated (4.0–4.4).
Diet suitability: kosher, pescatarian, vegetarian.
Cuisine / style: general.
Meal type: dessert.
Main protein source: egg, nut.
Cooking method: bake.
Additional attributes: almond, apricot, berry, fruit, peanut free, raspberry, soy free, summer, wheat/gluten-free."
doc_00264,Asian Braised Short Ribs With Cranberry-Teriyaki Glaze,1455.0,53.0,125.0,2006.0,29.5,1.5,5.00,"Recipe: Asian Braised Short Ribs With Cranberry-Teriyaki Glaze.
Nutrition per serving: 1455 kcal | 53 g protein | 125 g fat | 2006 mg sodium | 29.5 g carbs | 1.5 g fibre.
Nutrition profile: very high-calorie (over 700 kcal), high-protein (≥25 g), high-fat (≥ 30 g), high-sodium (≥ 600 mg), moderate-carb (20–50 g), low-fibre (< 3 g).
User rating: 5.00/5 — outstanding (≥ 4.5).
Diet suitability: none specified.
Cuisine / style: general.
Meal type: general purpose.
Main protein source: beef.
Cooking method: standard.
Additional attributes: braise, fall, garlic, herb, onion, vegetable, winter.
Note: this recipe has unusually extreme nutritional values."
doc_00265,Asian-Style Flank Steak,358.0,41.0,19.0,1344.0,5.8,1.5,4.38,"Recipe: Asian-Style Flank Steak.
Nutrition per serving: 358 kcal | 41 g protein | 19 g fat | 1344 mg sodium | 5.8 g carbs | 1.5 g fibre.
Nutrition profile: moderate-calorie (200–400 kcal), high-protein (≥25 g), moderate-fat (15–29 g), high-sodium (≥ 600 mg), low-carb (< 20 g), low-fibre (< 3 g).
User rating: 4.38/5 — highly rated (4.0–4.4).
Diet suitability: healthy.
Cuisine / style: general.
Meal type: dinner.
Main protein source: beef.
Cooking method: quick & easy.
Additional attributes: broil, ginger, marinate, sesame, soy sauce, steak."
doc_00266,Ba'S Best Carrot Cake,738.0,8.0,39.0,586.0,88.8,6.0,5.00,"Recipe: Ba'S Best Carrot Cake.
Nutrition per serving: 738 kcal | 8 g protein | 39 g fat | 586 mg sodium | 88.8 g carbs | 6.0 g fibre.
Nutrition profile: very high-calorie (over 700 kcal), low-protein (< 10 g), high-fat (≥ 30 g), moderate-sodium (150–599 mg), high-carb (> 50 g), moderate-fibre (3–7 g).
User rating: 5.00/5 — outstanding (≥ 4.5).
Diet suitability: kosher, pescatarian, vegetarian.
Cuisine / style: general.
Meal type: dessert.
Main protein source: not specified.
Cooking method: standard.
Additional attributes: cake, carrot, cream cheese, peanut free, soy free, spice, spring, walnut."
doc_00267,Bacon Baklava,321.0,6.0,19.0,133.0,31.5,6.0,4.38,"Recipe: Bacon Baklava.
Nutrition per serving: 321 kcal | 6 g protein | 19 g fat | 133 mg sodium | 31.5 g carbs | 6.0 g fibre.
Nutrition profile: moderate-calorie (200–400 kcal), low-protein (< 10 g), moderate-fat (15–29 g), very low-sodium (< 150 mg), moderate-carb (20–50 g), moderate-fibre (3–7 g).
User rating: 4.38/5 — highly rated (4.0–4.4).
Diet suitability: none specified.
Cuisine / style: general.
Meal type: dessert.
Main protein source: nut.
Cooking method: bake.
Additional attributes: bacon, honey, kidney friendly, peanut free, phyllo/puff pastry dough, pistachio, soy free, walnut."
doc_00268,Bacon-Wrapped Trout Stuffed With Balsamic Onion Compote In Rosemary Cream Sauce,275.0,160.4,14.0,5162.5,0.0,1.5,4.38,"Recipe: Bacon-Wrapped Trout Stuffed With Balsamic Onion Compote In Rosemary Cream Sauce.
Nutrition per serving: 275 kcal | 160 g protein | 14 g fat | 5162 mg sodium | 0.0 g carbs | 1.5 g fibre.
Nutrition profile: moderate-calorie (200–400 kcal), high-protein (≥25 g), low-fat (5–14 g), high-sodium (≥ 600 mg), low-carb (< 20 g), low-fibre (< 3 g).
User rating: 4.38/5 — highly rated (4.0–4.4).
Diet suitability: none specified.
Cuisine / style: general.
Meal type: general purpose.
Main protein source: beef, fish.
Cooking method: bake.
Additional attributes: milk/cream, onion, pan-fry, rosemary, trout, vinegar, winter.
Note: this recipe has unusually extreme nutritional values."
doc_00269,Bacon-Wrapped Turkey Breast With Hazelnut Mole,599.0,43.0,45.0,629.0,5.5,1.5,4.38,"Recipe: Bacon-Wrapped Turkey Breast With Hazelnut Mole.
Nutrition per serving: 599 kcal | 43 g protein | 45 g fat | 629 mg sodium | 5.5 g carbs | 1.5 g fibre.
Nutrition profile: high-calorie (400–700 kcal), high-protein (≥25 g), high-fat (≥ 30 g), high-sodium (≥ 600 mg), low-carb (< 20 g), low-fibre (< 3 g).
User rating: 4.38/5 — highly rated (4.0–4.4).
Diet suitability: none specified.
Cuisine / style: general.
Meal type: general purpose.
Main protein source: turkey.
Cooking method: roast.
Additional attributes: bacon, hazelnut, hot pepper, marinate, parsley."
doc_00270,Baked Fish With Mushrooms And Cream,674.0,48.0,43.0,478.0,23.8,1.5,4.38,"Recipe: Baked Fish With Mushrooms And Cream.
Nutrition per serving: 674 kcal | 48 g protein | 43 g fat | 478 mg sodium | 23.8 g carbs | 1.5 g fibre.
Nutrition profile: high-calorie (400–700 kcal), high-protein (≥25 g), high-fat (≥ 30 g), moderate-sodium (150–599 mg), moderate-carb (20–50 g), low-fibre (< 3 g).
User rating: 4.38/5 — highly rated (4.0–4.4).
Diet suitability: none specified.
Cuisine / style: general.
Meal type: general purpose.
Main protein source: fish.
Cooking method: standard.
Additional attributes: broil, cheese, milk/cream, mushroom, sauté, tomato."
doc_00271,"Baked Halibut With Orzo, Spinach, And Cherry Tomatoes",634.0,44.0,31.0,181.0,44.8,6.0,4.38,"Recipe: Baked Halibut With Orzo, Spinach, And Cherry Tomatoes.
Nutrition per serving: 634 kcal | 44 g protein | 31 g fat | 181 mg sodium | 44.8 g carbs | 6.0 g fibre.
Nutrition profile: high-calorie (400–700 kcal), high-protein (≥25 g), high-fat (≥ 30 g), moderate-sodium (150–599 mg), moderate-carb (20–50 g), moderate-fibre (3–7 g).
User rating: 4.38/5 — highly rated (4.0–4.4).
Diet suitability: healthy.
Cuisine / style: general.
Meal type: general purpose.
Main protein source: fish.
Cooking method: bake, quick & easy.
Additional attributes: halibut, leafy green, pasta, spinach, tomato."
doc_00272,"Baked Halibut With Paprika,Olives And Mushrooms",320.0,45.0,12.0,286.0,8.0,6.0,4.38,"Recipe: Baked Halibut With Paprika,Olives And Mushrooms.
Nutrition per serving: 320 kcal | 45 g protein | 12 g fat | 286 mg sodium | 8.0 g carbs | 6.0 g fibre.
Nutrition profile: moderate-calorie (200–400 kcal), high-protein (≥25 g), low-fat (5–14 g), moderate-sodium (150–599 mg), low-carb (< 20 g), moderate-fibre (3–7 g).
User rating: 4.38/5 — highly rated (4.0–4.4).
Diet suitability: dairy free, kosher, pescatarian, sugar conscious.
Cuisine / style: general.
Meal type: dinner.
Main protein source: fish, seafood.
Cooking method: bake, quick & easy.
Additional attributes: bell pepper, halibut, low carb, low/no sugar, mushroom, no sugar added, olive, peanut free, soy free, tree nut free, wheat/gluten-free."
doc_00273,Baked Ham With Marmalade-Horseradish Glaze,560.0,73.0,10.0,3698.0,44.5,1.5,4.38,"Recipe: Baked Ham With Marmalade-Horseradish Glaze.
Nutrition per serving: 560 kcal | 73 g protein | 10 g fat | 3698 mg sodium | 44.5 g carbs | 1.5 g fibre.
Nutrition profile: high-calorie (400–700 kcal), high-protein (≥25 g), low-fat (5–14 g), high-sodium (≥ 600 mg), moderate-carb (20–50 g), low-fibre (< 3 g).
User rating: 4.38/5 — highly rated (4.0–4.4).
Diet suitability: none specified.
Cuisine / style: general.
Meal type: general purpose.
Main protein source: pork.
Cooking method: bake, roast.
Additional attributes: ham, winter.
Note: this recipe has unusually extreme nutritional values."
doc_00274,Baked Macaroni And Cheese,463.0,19.0,21.0,681.0,49.5,4.0,3.75,"Recipe: Baked Macaroni And Cheese.
Nutrition per serving: 463 kcal | 19 g protein | 21 g fat | 681 mg sodium | 49.5 g carbs | 4.0 g fibre.
Nutrition profile: high-calorie (400–700 kcal), moderate-protein (10–24 g), moderate-fat (15–29 g), high-sodium (≥ 600 mg), moderate-carb (20–50 g), moderate-fibre (3–7 g).
User rating: 3.75/5 — well rated (3.0–3.9).
Diet suitability: vegetarian.
Cuisine / style: general.
Meal type: general purpose.
Main protein source: not specified.
Cooking method: bake.
Additional attributes: cheese, kid-friendly, milk/cream, pasta."
doc_00275,Baked Sea Bass With Walnut-Breadcrumb Crust And Lemon-Dill Sauce,530.0,41.0,31.0,482.0,21.8,4.0,4.38,"Recipe: Baked Sea Bass With Walnut-Breadcrumb Crust And Lemon-Dill Sauce.
Nutrition per serving: 530 kcal | 41 g protein | 31 g fat | 482 mg sodium | 21.8 g carbs | 4.0 g fibre.
Nutrition profile: high-calorie (400–700 kcal), high-protein (≥25 g), high-fat (≥ 30 g), moderate-sodium (150–599 mg), moderate-carb (20–50 g), moderate-fibre (3–7 g).
User rating: 4.38/5 — highly rated (4.0–4.4).
Diet suitability: none specified.
Cuisine / style: general.
Meal type: general purpose.
Main protein source: fish, nut.
Cooking method: standard.
Additional attributes: bass, broil, horseradish, mustard, parmesan, walnut, winter."
doc_00276,Balsamic- And Dijon-Glazed Ham With Roasted Pearl Onions,811.0,83.0,41.0,3136.0,27.5,6.0,5.00,"Recipe: Balsamic- And Dijon-Glazed Ham With Roasted Pearl Onions.
Nutrition per serving: 811 kcal | 83 g protein | 41 g fat | 3136 mg sodium | 27.5 g carbs | 6.0 g fibre.
Nutrition profile: very high-calorie (over 700 kcal), high-protein (≥25 g), high-fat (≥ 30 g), high-sodium (≥ 600 mg), moderate-carb (20–50 g), moderate-fibre (3–7 g).
User rating: 5.00/5 — outstanding (≥ 4.5).
Diet suitability: none specified.
Cuisine / style: general.
Meal type: general purpose.
Main protein source: not specified.
Cooking method: roast.
Additional attributes: ham, mustard, onion, spring, vinegar.
Note: this recipe has unusually extreme nutritional values."
doc_00277,Banana Bread Pudding With Rum Sauce,670.0,11.0,38.0,312.0,71.0,6.0,4.38,"Recipe: Banana Bread Pudding With Rum Sauce.
Nutrition per serving: 670 kcal | 11 g protein | 38 g fat | 312 mg sodium | 71.0 g carbs | 6.0 g fibre.
Nutrition profile: high-calorie (400–700 kcal), moderate-protein (10–24 g), high-fat (≥ 30 g), moderate-sodium (150–599 mg), high-carb (> 50 g), moderate-fibre (3–7 g).
User rating: 4.38/5 — highly rated (4.0–4.4).
Diet suitability: kosher, pescatarian, vegetarian.
Cuisine / style: general.
Meal type: dessert.
Main protein source: not specified.
Cooking method: bake.
Additional attributes: banana, fruit, peanut free, pecan, raisin, soy free."
doc_00278,Banana Waffles With Pecan Maple Syrup,718.0,12.0,26.0,740.0,109.0,6.0,3.12,"Recipe: Banana Waffles With Pecan Maple Syrup.
Nutrition per serving: 718 kcal | 12 g protein | 26 g fat | 740 mg sodium | 109.0 g carbs | 6.0 g fibre.
Nutrition profile: very high-calorie (over 700 kcal), moderate-protein (10–24 g), moderate-fat (15–29 g), high-sodium (≥ 600 mg), high-carb (> 50 g), moderate-fibre (3–7 g).
User rating: 3.12/5 — well rated (3.0–3.9).
Diet suitability: kosher, pescatarian, vegetarian.
Cuisine / style: general.
Meal type: breakfast, brunch.
Main protein source: not specified.
Cooking method: standard.
Additional attributes: banana, boil, cornmeal, kid-friendly, maple syrup, peanut free, pecan, soy free."
doc_00279,Barbecue Spice-Brined Grilled Turkey,751.0,107.0,30.0,4331.0,13.2,6.0,5.00,"Recipe: Barbecue Spice-Brined Grilled Turkey.
Nutrition per serving: 751 kcal | 107 g protein | 30 g fat | 4331 mg sodium | 13.2 g carbs | 6.0 g fibre.
Nutrition profile: very high-calorie (over 700 kcal), high-protein (≥25 g), high-fat (≥ 30 g), high-sodium (≥ 600 mg), low-carb (< 20 g), moderate-fibre (3–7 g).
User rating: 5.00/5 — outstanding (≥ 4.5).
Diet suitability: dairy free, kosher.
Cuisine / style: general.
Meal type: dinner.
Main protein source: turkey.
Cooking method: standard.
Additional attributes: grill, peanut free, soy free, tree nut free, wheat/gluten-free.
Note: this recipe has unusually extreme nutritional values."
doc_00280,Barbecued Chicken With Vinegar Basting Sauce,321.0,54.0,7.0,1627.0,10.5,1.5,4.38,"Recipe: Barbecued Chicken With Vinegar Basting Sauce.
Nutrition per serving: 321 kcal | 54 g protein | 7 g fat | 1627 mg sodium | 10.5 g carbs | 1.5 g fibre.
Nutrition profile: moderate-calorie (200–400 kcal), high-protein (≥25 g), low-fat (5–14 g), high-sodium (≥ 600 mg), low-carb (< 20 g), low-fibre (< 3 g).
User rating: 4.38/5 — highly rated (4.0–4.4).
Diet suitability: none specified.
Cuisine / style: general.
Meal type: general purpose.
Main protein source: chicken.
Cooking method: grill/barbecue.
Additional attributes: grill, kid-friendly, low cal, low carb, marinate, vinegar."
doc_00281,Bass With Herbed Rice And Coconut-Vegetable Chowder,2986.4,42.0,150.0,4094.0,367.1,9.0,5.00,"Recipe: Bass With Herbed Rice And Coconut-Vegetable Chowder.
Nutrition per serving: 2986 kcal | 42 g protein | 150 g fat | 4094 mg sodium | 367.1 g carbs | 9.0 g fibre.
Nutrition profile: very high-calorie (over 700 kcal), high-protein (≥25 g), high-fat (≥ 30 g), high-sodium (≥ 600 mg), high-carb (> 50 g), high-fibre (> 7 g).
User rating: 5.00/5 — outstanding (≥ 4.5).
Diet suitability: high fiber, low fat, pescatarian.
Cuisine / style: general.
Meal type: dinner.
Main protein source: fish.
Cooking method: standard.
Additional attributes: breadcrumbs, herb, potato, rice, sweet potato/yam.
Note: this recipe has unusually extreme nutritional values."
doc_00282,Beef And Sausage Meat Loaf With Mozzarella,668.0,55.0,34.0,1586.0,35.5,1.5,4.38,"Recipe: Beef And Sausage Meat Loaf With Mozzarella.
Nutrition per serving: 668 kcal | 55 g protein | 34 g fat | 1586 mg sodium | 35.5 g carbs | 1.5 g fibre.
Nutrition profile: high-calorie (400–700 kcal), high-protein (≥25 g), high-fat (≥ 30 g), high-sodium (≥ 600 mg), moderate-carb (20–50 g), low-fibre (< 3 g).
User rating: 4.38/5 — highly rated (4.0–4.4).
Diet suitability: none specified.
Cuisine / style: general.
Meal type: general purpose.
Main protein source: pork.
Cooking method: bake, quick & easy.
Additional attributes: basil, ground beef, kid-friendly, mozzarella, sausage, tomato."
doc_00283,Beef Aspic,290.0,43.0,8.0,1039.0,11.5,1.5,4.38,"Recipe: Beef Aspic.
Nutrition per serving: 290 kcal | 43 g protein | 8 g fat | 1039 mg sodium | 11.5 g carbs | 1.5 g fibre.
Nutrition profile: moderate-calorie (200–400 kcal), high-protein (≥25 g), low-fat (5–14 g), high-sodium (≥ 600 mg), low-carb (< 20 g), low-fibre (< 3 g).
User rating: 4.38/5 — highly rated (4.0–4.4).
Diet suitability: none specified.
Cuisine / style: general.
Meal type: sauce.
Main protein source: bean, beef, egg, pork.
Cooking method: standard.
Additional attributes: carrot, celery, condiment/spread, fall, onion."
doc_00284,Beef Barley Soup With Wild Mushrooms And Parsnips,603.0,55.0,15.0,1157.0,62.0,6.0,4.38,"Recipe: Beef Barley Soup With Wild Mushrooms And Parsnips.
Nutrition per serving: 603 kcal | 55 g protein | 15 g fat | 1157 mg sodium | 62.0 g carbs | 6.0 g fibre.
Nutrition profile: high-calorie (400–700 kcal), high-protein (≥25 g), moderate-fat (15–29 g), high-sodium (≥ 600 mg), high-carb (> 50 g), moderate-fibre (3–7 g).
User rating: 4.38/5 — highly rated (4.0–4.4).
Diet suitability: none specified.
Cuisine / style: general.
Meal type: soup/stew.
Main protein source: beef.
Cooking method: standard.
Additional attributes: barley, beef shank, fall, mushroom, parsnip, winter."
doc_00285,Beef Bourguignon,635.0,46.0,20.0,709.0,67.8,4.0,4.38,"Recipe: Beef Bourguignon.
Nutrition per serving: 635 kcal | 46 g protein | 20 g fat | 709 mg sodium | 67.8 g carbs | 4.0 g fibre.
Nutrition profile: high-calorie (400–700 kcal), high-protein (≥25 g), moderate-fat (15–29 g), high-sodium (≥ 600 mg), high-carb (> 50 g), moderate-fibre (3–7 g).
User rating: 4.38/5 — highly rated (4.0–4.4).
Diet suitability: none specified.
Cuisine / style: general.
Meal type: soup/stew.
Main protein source: beef.
Cooking method: standard.
Additional attributes: bacon, carrot, garlic, mushroom, onion, sauté, winter."
doc_00286,Beef Brisket With Merlot And Prunes,928.0,47.0,58.0,177.0,54.5,9.0,5.00,"Recipe: Beef Brisket With Merlot And Prunes.
Nutrition per serving: 928 kcal | 47 g protein | 58 g fat | 177 mg sodium | 54.5 g carbs | 9.0 g fibre.
Nutrition profile: very high-calorie (over 700 kcal), high-protein (≥25 g), high-fat (≥ 30 g), moderate-sodium (150–599 mg), high-carb (> 50 g), high-fibre (> 7 g).
User rating: 5.00/5 — outstanding (≥ 4.5).
Diet suitability: dairy free, high fiber, kosher.
Cuisine / style: general.
Meal type: dinner.
Main protein source: not specified.
Cooking method: standard.
Additional attributes: braise, brisket, kosher for passover, peanut free, prune, soy free, tree nut free, wheat/gluten-free."
doc_00287,Beef Picadillo Chili,681.0,75.0,25.0,1575.0,39.0,4.0,4.38,"Recipe: Beef Picadillo Chili.
Nutrition per serving: 681 kcal | 75 g protein | 25 g fat | 1575 mg sodium | 39.0 g carbs | 4.0 g fibre.
Nutrition profile: high-calorie (400–700 kcal), high-protein (≥25 g), moderate-fat (15–29 g), high-sodium (≥ 600 mg), moderate-carb (20–50 g), moderate-fibre (3–7 g).
User rating: 4.38/5 — highly rated (4.0–4.4).
Diet suitability: none specified.
Cuisine / style: general.
Meal type: soup/stew.
Main protein source: bean, beef.
Cooking method: standard.
Additional attributes: garlic, jalapeño, onion, raisin, tomato, winter."
doc_00288,Beef Pinwheels With Arugula Salad,546.0,53.0,35.0,1127.0,4.8,4.0,4.38,"Recipe: Beef Pinwheels With Arugula Salad.
Nutrition per serving: 546 kcal | 53 g protein | 35 g fat | 1127 mg sodium | 4.8 g carbs | 4.0 g fibre.
Nutrition profile: high-calorie (400–700 kcal), high-protein (≥25 g), high-fat (≥ 30 g), high-sodium (≥ 600 mg), low-carb (< 20 g), moderate-fibre (3–7 g).
User rating: 4.38/5 — highly rated (4.0–4.4).
Diet suitability: none specified.
Cuisine / style: general.
Meal type: general purpose.
Main protein source: beef.
Cooking method: grill/barbecue, quick & easy.
Additional attributes: arugula, cheese, leafy green, low/no sugar, meat, prosciutto, steak, summer."
doc_00289,Beef Tenderloin With Garlic Horseradish Cream,688.0,37.0,55.0,947.0,11.2,6.0,5.00,"Recipe: Beef Tenderloin With Garlic Horseradish Cream.
Nutrition per serving: 688 kcal | 37 g protein | 55 g fat | 947 mg sodium | 11.2 g carbs | 6.0 g fibre.
Nutrition profile: high-calorie (400–700 kcal), high-protein (≥25 g), high-fat (≥ 30 g), high-sodium (≥ 600 mg), low-carb (< 20 g), moderate-fibre (3–7 g).
User rating: 5.00/5 — outstanding (≥ 4.5).
Diet suitability: sugar conscious.
Cuisine / style: general.
Meal type: dinner.
Main protein source: not specified.
Cooking method: quick & easy, roast.
Additional attributes: beef tenderloin, garlic, horseradish, milk/cream, no sugar added, peanut free, soy free, tree nut free."
doc_00290,Beef Tenderloin With Spring Vegetables,935.0,51.0,73.0,693.0,18.5,1.5,5.00,"Recipe: Beef Tenderloin With Spring Vegetables.
Nutrition per serving: 935 kcal | 51 g protein | 73 g fat | 693 mg sodium | 18.5 g carbs | 1.5 g fibre.
Nutrition profile: very high-calorie (over 700 kcal), high-protein (≥25 g), high-fat (≥ 30 g), high-sodium (≥ 600 mg), low-carb (< 20 g), low-fibre (< 3 g).
User rating: 5.00/5 — outstanding (≥ 4.5).
Diet suitability: none specified.
Cuisine / style: general.
Meal type: general purpose.
Main protein source: beef.
Cooking method: standard.
Additional attributes: broil, spring, vegetable."
doc_00291,Beef Wellingtons With Gorgonzola,1221.0,49.0,86.0,613.0,62.8,1.5,5.00,"Recipe: Beef Wellingtons With Gorgonzola.
Nutrition per serving: 1221 kcal | 49 g protein | 86 g fat | 613 mg sodium | 62.8 g carbs | 1.5 g fibre.
Nutrition profile: very high-calorie (over 700 kcal), high-protein (≥25 g), high-fat (≥ 30 g), high-sodium (≥ 600 mg), high-carb (> 50 g), low-fibre (< 3 g).
User rating: 5.00/5 — outstanding (≥ 4.5).
Diet suitability: none specified.
Cuisine / style: general.
Meal type: general purpose.
Main protein source: not specified.
Cooking method: standard.
Additional attributes: beef tenderloin, blue cheese, herb, phyllo/puff pastry dough, valentine's day, winter."
doc_00292,Beer-Braised Brisket,994.0,61.0,78.0,2110.0,12.0,6.0,5.00,"Recipe: Beer-Braised Brisket.
Nutrition per serving: 994 kcal | 61 g protein | 78 g fat | 2110 mg sodium | 12.0 g carbs | 6.0 g fibre.
Nutrition profile: very high-calorie (over 700 kcal), high-protein (≥25 g), high-fat (≥ 30 g), high-sodium (≥ 600 mg), low-carb (< 20 g), moderate-fibre (3–7 g).
User rating: 5.00/5 — outstanding (≥ 4.5).
Diet suitability: dairy free, kosher, sugar conscious.
Cuisine / style: general.
Meal type: dinner.
Main protein source: not specified.
Cooking method: standard.
Additional attributes: braise, brisket, kid-friendly, peanut free, soy free, tree nut free."
doc_00293,Beer-Marinated Flank Steak With Aji And Guacamole,498.0,44.0,26.0,373.0,22.0,9.0,5.00,"Recipe: Beer-Marinated Flank Steak With Aji And Guacamole.
Nutrition per serving: 498 kcal | 44 g protein | 26 g fat | 373 mg sodium | 22.0 g carbs | 9.0 g fibre.
Nutrition profile: high-calorie (400–700 kcal), high-protein (≥25 g), moderate-fat (15–29 g), moderate-sodium (150–599 mg), moderate-carb (20–50 g), high-fibre (> 7 g).
User rating: 5.00/5 — outstanding (≥ 4.5).
Diet suitability: healthy, high fiber.
Cuisine / style: general.
Meal type: dinner, lunch.
Main protein source: not specified.
Cooking method: grill/barbecue.
Additional attributes: avocado, grill, low cal, onion, steak."
doc_00294,Best Friends Forever Brownies,229.0,4.0,14.0,89.0,21.8,6.0,5.00,"Recipe: Best Friends Forever Brownies.
Nutrition per serving: 229 kcal | 4 g protein | 14 g fat | 89 mg sodium | 21.8 g carbs | 6.0 g fibre.
Nutrition profile: moderate-calorie (200–400 kcal), low-protein (< 10 g), low-fat (5–14 g), very low-sodium (< 150 mg), moderate-carb (20–50 g), moderate-fibre (3–7 g).
User rating: 5.00/5 — outstanding (≥ 4.5).
Diet suitability: kosher, pescatarian, vegetarian.
Cuisine / style: general.
Meal type: dessert.
Main protein source: not specified.
Cooking method: bake.
Additional attributes: chocolate, kid-friendly, kidney friendly, peanut free, soy free."
doc_00295,Biltong,285.0,50.0,9.0,861.0,1.0,1.5,4.38,"Recipe: Biltong.
Nutrition per serving: 285 kcal | 50 g protein | 9 g fat | 861 mg sodium | 1.0 g carbs | 1.5 g fibre.
Nutrition profile: moderate-calorie (200–400 kcal), high-protein (≥25 g), low-fat (5–14 g), high-sodium (≥ 600 mg), low-carb (< 20 g), low-fibre (< 3 g).
User rating: 4.38/5 — highly rated (4.0–4.4).
Diet suitability: none specified.
Cuisine / style: general.
Meal type: general purpose.
Main protein source: beef.
Cooking method: no-cook.
Additional attributes: coriander, fall, game, marinate, venison."
doc_00296,Black Cod Fillets Poached In Five-Spice Broth With Baby Bok Choy And Udon,522.0,44.0,16.0,1867.0,50.5,1.5,5.00,"Recipe: Black Cod Fillets Poached In Five-Spice Broth With Baby Bok Choy And Udon.
Nutrition per serving: 522 kcal | 44 g protein | 16 g fat | 1867 mg sodium | 50.5 g carbs | 1.5 g fibre.
Nutrition profile: high-calorie (400–700 kcal), high-protein (≥25 g), moderate-fat (15–29 g), high-sodium (≥ 600 mg), high-carb (> 50 g), low-fibre (< 3 g).
User rating: 5.00/5 — outstanding (≥ 4.5).
Diet suitability: low sodium.
Cuisine / style: general.
Meal type: dinner.
Main protein source: fish, seafood.
Cooking method: standard.
Additional attributes: bok choy, cod, leafy green, noodle, poach, spice."
doc_00297,Black Pepper Spice-Rubbed Beef Tenderloin,619.0,46.0,46.0,713.0,5.2,6.0,5.00,"Recipe: Black Pepper Spice-Rubbed Beef Tenderloin.
Nutrition per serving: 619 kcal | 46 g protein | 46 g fat | 713 mg sodium | 5.2 g carbs | 6.0 g fibre.
Nutrition profile: high-calorie (400–700 kcal), high-protein (≥25 g), high-fat (≥ 30 g), high-sodium (≥ 600 mg), low-carb (< 20 g), moderate-fibre (3–7 g).
User rating: 5.00/5 — outstanding (≥ 4.5).
Diet suitability: dairy free, sugar conscious.
Cuisine / style: general.
Meal type: dinner.
Main protein source: beef.
Cooking method: roast.
Additional attributes: beef tenderloin, cardamom, cinnamon, meat, mustard, no sugar added, peanut free, soy free, spice, tree nut free, wheat/gluten-free."
doc_00298,Black Sea Bass With Sweet-And-Sour Orange Rhubarb Sauce,632.0,88.0,18.0,813.0,29.5,4.0,4.38,"Recipe: Black Sea Bass With Sweet-And-Sour Orange Rhubarb Sauce.
Nutrition per serving: 632 kcal | 88 g protein | 18 g fat | 813 mg sodium | 29.5 g carbs | 4.0 g fibre.
Nutrition profile: high-calorie (400–700 kcal), high-protein (≥25 g), moderate-fat (15–29 g), high-sodium (≥ 600 mg), moderate-carb (20–50 g), moderate-fibre (3–7 g).
User rating: 4.38/5 — highly rated (4.0–4.4).
Diet suitability: none specified.
Cuisine / style: general.
Meal type: general purpose.
Main protein source: fish.
Cooking method: roast.
Additional attributes: bass, cinnamon, citrus, fruit, ginger, mint, orange, rhubarb, sauté, simmer, spring."
doc_00299,Blade Steaks With Rosemary White-Bean Purée,711.0,48.0,37.0,231.0,46.5,6.0,5.00,"Recipe: Blade Steaks With Rosemary White-Bean Purée.
Nutrition per serving: 711 kcal | 48 g protein | 37 g fat | 231 mg sodium | 46.5 g carbs | 6.0 g fibre.
Nutrition profile: very high-calorie (over 700 kcal), high-protein (≥25 g), high-fat (≥ 30 g), moderate-sodium (150–599 mg), moderate-carb (20–50 g), moderate-fibre (3–7 g).
User rating: 5.00/5 — outstanding (≥ 4.5).
Diet suitability: dairy free, kosher, sugar conscious.
Cuisine / style: general.
Meal type: dinner.
Main protein source: bean, beef.
Cooking method: quick & easy.
Additional attributes: pan-fry, peanut free, rosemary, soy free, tree nut free, wheat/gluten-free."
doc_00300,Blanquette De Veau,458.0,48.0,21.0,222.0,19.2,4.0,4.38,"Recipe: Blanquette De Veau.
Nutrition per serving: 458 kcal | 48 g protein | 21 g fat | 222 mg sodium | 19.2 g carbs | 4.0 g fibre.
Nutrition profile: high-calorie (400–700 kcal), high-protein (≥25 g), moderate-fat (15–29 g), moderate-sodium (150–599 mg), low-carb (< 20 g), moderate-fibre (3–7 g).
User rating: 4.38/5 — highly rated (4.0–4.4).
Diet suitability: none specified.
Cuisine / style: general.
Meal type: general purpose.
Main protein source: beef.
Cooking method: standard.
Additional attributes: kid-friendly, stew, vegetable."
doc_00301,Blueberry Crumble Pie,1174.0,57.0,21.0,233.0,189.2,6.0,5.00,"Recipe: Blueberry Crumble Pie.
Nutrition per serving: 1174 kcal | 57 g protein | 21 g fat | 233 mg sodium | 189.2 g carbs | 6.0 g fibre.
Nutrition profile: very high-calorie (over 700 kcal), high-protein (≥25 g), moderate-fat (15–29 g), moderate-sodium (150–599 mg), high-carb (> 50 g), moderate-fibre (3–7 g).
User rating: 5.00/5 — outstanding (≥ 4.5).
Diet suitability: kosher, pescatarian, vegetarian.
Cuisine / style: general.
Meal type: dessert.
Main protein source: not specified.
Cooking method: bake.
Additional attributes: berry, blueberry, cinnamon, fruit, peanut free, soy free, spice, summer, tree nut free."
doc_00302,Boeuf Bourguignon,479.0,42.0,24.0,263.0,23.8,6.0,4.38,"Recipe: Boeuf Bourguignon.
Nutrition per serving: 479 kcal | 42 g protein | 24 g fat | 263 mg sodium | 23.8 g carbs | 6.0 g fibre.
Nutrition profile: high-calorie (400–700 kcal), high-protein (≥25 g), moderate-fat (15–29 g), moderate-sodium (150–599 mg), moderate-carb (20–50 g), moderate-fibre (3–7 g).
User rating: 4.38/5 — highly rated (4.0–4.4).
Diet suitability: none specified.
Cuisine / style: general.
Meal type: dinner, soup/stew.
Main protein source: beef.
Cooking method: standard.
Additional attributes: bacon, mushroom, onion, peanut free, soy free, stew, tree nut free, winter."
doc_00303,Boudin Blanc-Stuffed Turkey Breasts With Chestnuts,1006.0,60.0,62.0,5162.5,52.0,6.0,5.00,"Recipe: Boudin Blanc-Stuffed Turkey Breasts With Chestnuts.
Nutrition per serving: 1006 kcal | 60 g protein | 62 g fat | 5162 mg sodium | 52.0 g carbs | 6.0 g fibre.
Nutrition profile: very high-calorie (over 700 kcal), high-protein (≥25 g), high-fat (≥ 30 g), high-sodium (≥ 600 mg), high-carb (> 50 g), moderate-fibre (3–7 g).
User rating: 5.00/5 — outstanding (≥ 4.5).
Diet suitability: none specified.
Cuisine / style: general.
Meal type: dinner.
Main protein source: turkey.
Cooking method: roast.
Additional attributes: chestnut, peanut free, poultry, soy free.
Note: this recipe has unusually extreme nutritional values."
doc_00304,Bouillabaisse,999.0,133.0,36.0,2343.0,35.8,4.0,5.00,"Recipe: Bouillabaisse.
Nutrition per serving: 999 kcal | 133 g protein | 36 g fat | 2343 mg sodium | 35.8 g carbs | 4.0 g fibre.
Nutrition profile: very high-calorie (over 700 kcal), high-protein (≥25 g), high-fat (≥ 30 g), high-sodium (≥ 600 mg), moderate-carb (20–50 g), moderate-fibre (3–7 g).
User rating: 5.00/5 — outstanding (≥ 4.5).
Diet suitability: none specified.
Cuisine / style: general.
Meal type: soup/stew.
Main protein source: fish.
Cooking method: bake.
Additional attributes: garlic, onion, potato, shellfish, tomato.
Note: this recipe has unusually extreme nutritional values."
doc_00305,Bourbon And Brown Sugar Glazed Turkey,2612.0,160.4,190.4,5162.5,64.2,1.5,5.00,"Recipe: Bourbon And Brown Sugar Glazed Turkey.
Nutrition per serving: 2612 kcal | 160 g protein | 190 g fat | 5162 mg sodium | 64.2 g carbs | 1.5 g fibre.
Nutrition profile: very high-calorie (over 700 kcal), high-protein (≥25 g), high-fat (≥ 30 g), high-sodium (≥ 600 mg), high-carb (> 50 g), low-fibre (< 3 g).
User rating: 5.00/5 — outstanding (≥ 4.5).
Diet suitability: none specified.
Cuisine / style: general.
Meal type: dinner.
Main protein source: turkey.
Cooking method: roast.
Additional attributes: garlic, poultry, rosemary.
Note: this recipe has unusually extreme nutritional values."
doc_00306,Bourbon-Glazed Baby Back Ribs,926.0,69.0,59.0,608.0,29.8,1.5,5.00,"Recipe: Bourbon-Glazed Baby Back Ribs.
Nutrition per serving: 926 kcal | 69 g protein | 59 g fat | 608 mg sodium | 29.8 g carbs | 1.5 g fibre.
Nutrition profile: very high-calorie (over 700 kcal), high-protein (≥25 g), high-fat (≥ 30 g), high-sodium (≥ 600 mg), moderate-carb (20–50 g), low-fibre (< 3 g).
User rating: 5.00/5 — outstanding (≥ 4.5).
Diet suitability: none specified.
Cuisine / style: general.
Meal type: general purpose.
Main protein source: not specified.
Cooking method: bake, grill/barbecue.
Additional attributes: honey, mustard, pork rib."
doc_00307,Braised Beef And Veal With Tomato Gravy,502.0,45.0,25.0,965.0,24.2,6.0,4.38,"Recipe: Braised Beef And Veal With Tomato Gravy.
Nutrition per serving: 502 kcal | 45 g protein | 25 g fat | 965 mg sodium | 24.2 g carbs | 6.0 g fibre.
Nutrition profile: high-calorie (400–700 kcal), high-protein (≥25 g), moderate-fat (15–29 g), high-sodium (≥ 600 mg), moderate-carb (20–50 g), moderate-fibre (3–7 g).
User rating: 4.38/5 — highly rated (4.0–4.4).
Diet suitability: dairy free.
Cuisine / style: general.
Meal type: breakfast, brunch, dinner.
Main protein source: beef.
Cooking method: standard.
Additional attributes: braise, fall, peanut free, soy free, tree nut free, winter."
doc_00308,Braised Beef Short Ribs With Root Vegetable Ragoût,802.0,76.0,47.0,210.0,18.8,1.5,5.00,"Recipe: Braised Beef Short Ribs With Root Vegetable Ragoût.
Nutrition per serving: 802 kcal | 76 g protein | 47 g fat | 210 mg sodium | 18.8 g carbs | 1.5 g fibre.
Nutrition profile: very high-calorie (over 700 kcal), high-protein (≥25 g), high-fat (≥ 30 g), moderate-sodium (150–599 mg), low-carb (< 20 g), low-fibre (< 3 g).
User rating: 5.00/5 — outstanding (≥ 4.5).
Diet suitability: none specified.
Cuisine / style: general.
Meal type: general purpose.
Main protein source: beef.
Cooking method: standard.
Additional attributes: braise, marinate, thyme, vegetable, winter."
doc_00309,Braised Beef With Pears And Fresh Ginger,1092.0,120.0,37.0,1128.0,69.8,6.0,5.00,"Recipe: Braised Beef With Pears And Fresh Ginger.
Nutrition per serving: 1092 kcal | 120 g protein | 37 g fat | 1128 mg sodium | 69.8 g carbs | 6.0 g fibre.
Nutrition profile: very high-calorie (over 700 kcal), high-protein (≥25 g), high-fat (≥ 30 g), high-sodium (≥ 600 mg), high-carb (> 50 g), moderate-fibre (3–7 g).
User rating: 5.00/5 — outstanding (≥ 4.5).
Diet suitability: none specified.
Cuisine / style: general.
Meal type: dinner.
Main protein source: beef, pork.
Cooking method: standard.
Additional attributes: braise, celery, ginger, meat, pear, sauté, simmer.
Note: this recipe has unusually extreme nutritional values."
doc_00310,Braised Brisket With Hot Sauce And Mixed Chiles,922.0,55.0,70.0,185.0,18.0,1.5,5.00,"Recipe: Braised Brisket With Hot Sauce And Mixed Chiles.
Nutrition per serving: 922 kcal | 55 g protein | 70 g fat | 185 mg sodium | 18.0 g carbs | 1.5 g fibre.
Nutrition profile: very high-calorie (over 700 kcal), high-protein (≥25 g), high-fat (≥ 30 g), moderate-sodium (150–599 mg), low-carb (< 20 g), low-fibre (< 3 g).
User rating: 5.00/5 — outstanding (≥ 4.5).
Diet suitability: none specified.
Cuisine / style: general.
Meal type: dinner.
Main protein source: beef.
Cooking method: standard.
Additional attributes: braise, chile pepper, fall, hot pepper, summer, taco, wheat/gluten-free."
doc_00311,Braised Chicken In Sun-Dried Tomato Cream,418.0,55.0,15.0,162.0,15.8,1.5,4.38,"Recipe: Braised Chicken In Sun-Dried Tomato Cream.
Nutrition per serving: 418 kcal | 55 g protein | 15 g fat | 162 mg sodium | 15.8 g carbs | 1.5 g fibre.
Nutrition profile: high-calorie (400–700 kcal), high-protein (≥25 g), moderate-fat (15–29 g), moderate-sodium (150–599 mg), low-carb (< 20 g), low-fibre (< 3 g).
User rating: 4.38/5 — highly rated (4.0–4.4).
Diet suitability: low sodium.
Cuisine / style: general.
Meal type: general purpose.
Main protein source: chicken.
Cooking method: quick & easy.
Additional attributes: basil, low carb, milk/cream, sauté, tomato."
doc_00312,Braised Chicken With Chickpeas And Swiss Chard,776.0,51.0,50.0,674.0,30.5,9.0,5.00,"Recipe: Braised Chicken With Chickpeas And Swiss Chard.
Nutrition per serving: 776 kcal | 51 g protein | 50 g fat | 674 mg sodium | 30.5 g carbs | 9.0 g fibre.
Nutrition profile: very high-calorie (over 700 kcal), high-protein (≥25 g), high-fat (≥ 30 g), high-sodium (≥ 600 mg), moderate-carb (20–50 g), high-fibre (> 7 g).
User rating: 5.00/5 — outstanding (≥ 4.5).
Diet suitability: none specified.
Cuisine / style: general.
Meal type: dinner.
Main protein source: chicken, chickpea.
Cooking method: standard.
Additional attributes: braise, cardamom, chard, chile pepper, cinnamon, ginger, sesame, spice, tomato, wheat/gluten-free."
doc_00313,Braised Duck Legs And Sautéed Duck Breast,2986.4,90.0,190.4,533.0,228.2,6.0,5.00,"Recipe: Braised Duck Legs And Sautéed Duck Breast.
Nutrition per serving: 2986 kcal | 90 g protein | 190 g fat | 533 mg sodium | 228.2 g carbs | 6.0 g fibre.
Nutrition profile: very high-calorie (over 700 kcal), high-protein (≥25 g), high-fat (≥ 30 g), moderate-sodium (150–599 mg), high-carb (> 50 g), moderate-fibre (3–7 g).
User rating: 5.00/5 — outstanding (≥ 4.5).
Diet suitability: dairy free, kosher.
Cuisine / style: general.
Meal type: dinner.
Main protein source: not specified.
Cooking method: standard.
Additional attributes: braise, duck, garlic, ginger, lemon, no sugar added, parsley, peanut free, soy free, tree nut free, wheat/gluten-free, winter.
Note: this recipe has unusually extreme nutritional values."
doc_00314,Braised Duck Legs With Shallots And Parsnips,275.0,160.4,14.0,3097.0,0.0,6.0,4.38,"Recipe: Braised Duck Legs With Shallots And Parsnips.
Nutrition per serving: 275 kcal | 160 g protein | 14 g fat | 3097 mg sodium | 0.0 g carbs | 6.0 g fibre.
Nutrition profile: moderate-calorie (200–400 kcal), high-protein (≥25 g), low-fat (5–14 g), high-sodium (≥ 600 mg), low-carb (< 20 g), moderate-fibre (3–7 g).
User rating: 4.38/5 — highly rated (4.0–4.4).
Diet suitability: dairy free, kosher.
Cuisine / style: general.
Meal type: dinner.
Main protein source: not specified.
Cooking method: roast.
Additional attributes: braise, duck, onion, parsnip, peanut free, poultry, shallot, soy free, tree nut free, wheat/gluten-free, winter.
Note: this recipe has unusually extreme nutritional values."
doc_00315,"Braised Lamb Shanks With Coriander, Fennel, And Star Anise",1526.0,118.0,93.0,1021.0,54.2,1.5,5.00,"Recipe: Braised Lamb Shanks With Coriander, Fennel, And Star Anise.
Nutrition per serving: 1526 kcal | 118 g protein | 93 g fat | 1021 mg sodium | 54.2 g carbs | 1.5 g fibre.
Nutrition profile: very high-calorie (over 700 kcal), high-protein (≥25 g), high-fat (≥ 30 g), high-sodium (≥ 600 mg), high-carb (> 50 g), low-fibre (< 3 g).
User rating: 5.00/5 — outstanding (≥ 4.5).
Diet suitability: none specified.
Cuisine / style: general.
Meal type: general purpose.
Main protein source: lamb.
Cooking method: standard.
Additional attributes: braise, coriander, lamb shank, onion, winter.
Note: this recipe has unusually extreme nutritional values."
doc_00316,Braised Lamb Shanks With Fish Sauce,1503.0,117.0,94.0,906.0,47.2,6.0,5.00,"Recipe: Braised Lamb Shanks With Fish Sauce.
Nutrition per serving: 1503 kcal | 117 g protein | 94 g fat | 906 mg sodium | 47.2 g carbs | 6.0 g fibre.
Nutrition profile: very high-calorie (over 700 kcal), high-protein (≥25 g), high-fat (≥ 30 g), high-sodium (≥ 600 mg), moderate-carb (20–50 g), moderate-fibre (3–7 g).
User rating: 5.00/5 — outstanding (≥ 4.5).
Diet suitability: dairy free.
Cuisine / style: general.
Meal type: dinner.
Main protein source: lamb.
Cooking method: standard.
Additional attributes: braise, carrot, chile pepper, cilantro, fennel, garlic, lamb shank, lime, no sugar added, peanut free, shallot, soy free, tree nut free, wheat/gluten-free.
Note: this recipe has unusually extreme nutritional values."
doc_00317,Braised Lamb Shanks With Prunes,1265.0,90.0,82.0,614.0,41.8,4.0,5.00,"Recipe: Braised Lamb Shanks With Prunes.
Nutrition per serving: 1265 kcal | 90 g protein | 82 g fat | 614 mg sodium | 41.8 g carbs | 4.0 g fibre.
Nutrition profile: very high-calorie (over 700 kcal), high-protein (≥25 g), high-fat (≥ 30 g), high-sodium (≥ 600 mg), moderate-carb (20–50 g), moderate-fibre (3–7 g).
User rating: 5.00/5 — outstanding (≥ 4.5).
Diet suitability: none specified.
Cuisine / style: general.
Meal type: general purpose.
Main protein source: beef, chicken, lamb.
Cooking method: standard.
Additional attributes: braise, fruit, garlic, onion, prune, vegetable."
doc_00318,Braised Lamb Shanks With Spring Vegetables And Spring Gremolata,1334.0,103.0,78.0,551.0,55.0,9.0,5.00,"Recipe: Braised Lamb Shanks With Spring Vegetables And Spring Gremolata.
Nutrition per serving: 1334 kcal | 103 g protein | 78 g fat | 551 mg sodium | 55.0 g carbs | 9.0 g fibre.
Nutrition profile: very high-calorie (over 700 kcal), high-protein (≥25 g), high-fat (≥ 30 g), moderate-sodium (150–599 mg), high-carb (> 50 g), high-fibre (> 7 g).
User rating: 5.00/5 — outstanding (≥ 4.5).
Diet suitability: high fiber.
Cuisine / style: general.
Meal type: dinner.
Main protein source: not specified.
Cooking method: standard.
Additional attributes: braise, carrot, mint, parsley, peanut free, potato, simmer, soy free, spring, sugar snap pea, tree nut free."
doc_00319,Braised Lamb Shanks Wrapped In Eggplant,942.0,69.0,60.0,1117.0,31.5,1.5,5.00,"Recipe: Braised Lamb Shanks Wrapped In Eggplant.
Nutrition per serving: 942 kcal | 69 g protein | 60 g fat | 1117 mg sodium | 31.5 g carbs | 1.5 g fibre.
Nutrition profile: very high-calorie (over 700 kcal), high-protein (≥25 g), high-fat (≥ 30 g), high-sodium (≥ 600 mg), moderate-carb (20–50 g), low-fibre (< 3 g).
User rating: 5.00/5 — outstanding (≥ 4.5).
Diet suitability: none specified.
Cuisine / style: general.
Meal type: general purpose.
Main protein source: lamb.
Cooking method: standard.
Additional attributes: bell pepper, braise, eggplant, spice, tomato, vegetable, winter."
doc_00320,Braised Meat With Butternut Squash,694.0,59.0,32.0,824.0,42.5,6.0,4.38,"Recipe: Braised Meat With Butternut Squash.
Nutrition per serving: 694 kcal | 59 g protein | 32 g fat | 824 mg sodium | 42.5 g carbs | 6.0 g fibre.
Nutrition profile: high-calorie (400–700 kcal), high-protein (≥25 g), high-fat (≥ 30 g), high-sodium (≥ 600 mg), moderate-carb (20–50 g), moderate-fibre (3–7 g).
User rating: 4.38/5 — highly rated (4.0–4.4).
Diet suitability: dairy free, kosher, paleo.
Cuisine / style: general.
Meal type: dinner.
Main protein source: not specified.
Cooking method: standard.
Additional attributes: braise, butternut squash, fall, peanut free, soy free, stew, tree nut free, veal, wheat/gluten-free."
doc_00321,Braised Rabbit With Grainy Mustard Sauce,662.0,70.0,34.0,902.0,19.0,6.0,4.38,"Recipe: Braised Rabbit With Grainy Mustard Sauce.
Nutrition per serving: 662 kcal | 70 g protein | 34 g fat | 902 mg sodium | 19.0 g carbs | 6.0 g fibre.
Nutrition profile: high-calorie (400–700 kcal), high-protein (≥25 g), high-fat (≥ 30 g), high-sodium (≥ 600 mg), low-carb (< 20 g), moderate-fibre (3–7 g).
User rating: 4.38/5 — highly rated (4.0–4.4).
Diet suitability: sugar conscious.
Cuisine / style: general.
Meal type: dinner, lunch.
Main protein source: chicken.
Cooking method: standard.
Additional attributes: braise, fall, game, mustard, peanut free, poultry, rabbit, soy free, tree nut free, wheat/gluten-free, winter."
doc_00322,Braised Veal Shanks With Bacon-Parmesan Crumbs,818.0,95.0,33.0,889.0,35.2,6.0,5.00,"Recipe: Braised Veal Shanks With Bacon-Parmesan Crumbs.
Nutrition per serving: 818 kcal | 95 g protein | 33 g fat | 889 mg sodium | 35.2 g carbs | 6.0 g fibre.
Nutrition profile: very high-calorie (over 700 kcal), high-protein (≥25 g), high-fat (≥ 30 g), high-sodium (≥ 600 mg), moderate-carb (20–50 g), moderate-fibre (3–7 g).
User rating: 5.00/5 — outstanding (≥ 4.5).
Diet suitability: none specified.
Cuisine / style: general.
Meal type: dinner.
Main protein source: not specified.
Cooking method: standard.
Additional attributes: peanut free, soy free, tree nut free, veal."
doc_00323,Braised Veal Shanks With Green Olives And Capers,563.0,75.0,23.0,656.0,14.0,2.5,4.38,"Recipe: Braised Veal Shanks With Green Olives And Capers.
Nutrition per serving: 563 kcal | 75 g protein | 23 g fat | 656 mg sodium | 14.0 g carbs | 2.5 g fibre.
Nutrition profile: high-calorie (400–700 kcal), high-protein (≥25 g), moderate-fat (15–29 g), high-sodium (≥ 600 mg), low-carb (< 20 g), low-fibre (< 3 g).
User rating: 4.38/5 — highly rated (4.0–4.4).
Diet suitability: none specified.
Cuisine / style: general.
Meal type: general purpose.
Main protein source: not specified.
Cooking method: standard.
Additional attributes: braise, capers, olive, veal, winter."
doc_00324,Braised Veal With Gremolata,318.0,42.0,13.0,151.0,8.2,1.5,4.38,"Recipe: Braised Veal With Gremolata.
Nutrition per serving: 318 kcal | 42 g protein | 13 g fat | 151 mg sodium | 8.2 g carbs | 1.5 g fibre.
Nutrition profile: moderate-calorie (200–400 kcal), high-protein (≥25 g), low-fat (5–14 g), moderate-sodium (150–599 mg), low-carb (< 20 g), low-fibre (< 3 g).
User rating: 4.38/5 — highly rated (4.0–4.4).
Diet suitability: kosher.
Cuisine / style: general.
Meal type: general purpose.
Main protein source: beef.
Cooking method: standard.
Additional attributes: basil, braise, lemon, mushroom, parsley, spring, veal."
doc_00325,Brandied-Peach Pork Chops,605.0,43.0,31.0,121.0,38.5,9.0,4.38,"Recipe: Brandied-Peach Pork Chops.
Nutrition per serving: 605 kcal | 43 g protein | 31 g fat | 121 mg sodium | 38.5 g carbs | 9.0 g fibre.
Nutrition profile: high-calorie (400–700 kcal), high-protein (≥25 g), high-fat (≥ 30 g), very low-sodium (< 150 mg), moderate-carb (20–50 g), high-fibre (> 7 g).
User rating: 4.38/5 — highly rated (4.0–4.4).
Diet suitability: none specified.
Cuisine / style: general.
Meal type: dinner.
Main protein source: not specified.
Cooking method: quick & easy.
Additional attributes: fall, fruit, jam or jelly, peach, peanut free, pork chop, soy free, tree nut free, wheat/gluten-free, winter."
doc_00326,Brazilian Fish Stew (Moqueca Capixaba),325.0,40.0,9.0,1004.0,21.0,6.0,5.00,"Recipe: Brazilian Fish Stew (Moqueca Capixaba).
Nutrition per serving: 325 kcal | 40 g protein | 9 g fat | 1004 mg sodium | 21.0 g carbs | 6.0 g fibre.
Nutrition profile: moderate-calorie (200–400 kcal), high-protein (≥25 g), low-fat (5–14 g), high-sodium (≥ 600 mg), moderate-carb (20–50 g), moderate-fibre (3–7 g).
User rating: 5.00/5 — outstanding (≥ 4.5).
Diet suitability: dairy free, pescatarian.
Cuisine / style: general.
Meal type: dinner.
Main protein source: fish.
Cooking method: standard.
Additional attributes: citrus, herb, marinate, no sugar added, onion, peanut free, pepper, soy free, tomato, tree nut free, wheat/gluten-free."
doc_00327,"Brined Pork Loin With Onion, Raisin, And Garlic Compote",456.0,49.0,21.0,5162.5,17.8,1.5,4.38,"Recipe: Brined Pork Loin With Onion, Raisin, And Garlic Compote.
Nutrition per serving: 456 kcal | 49 g protein | 21 g fat | 5162 mg sodium | 17.8 g carbs | 1.5 g fibre.
Nutrition profile: high-calorie (400–700 kcal), high-protein (≥25 g), moderate-fat (15–29 g), high-sodium (≥ 600 mg), low-carb (< 20 g), low-fibre (< 3 g).
User rating: 4.38/5 — highly rated (4.0–4.4).
Diet suitability: none specified.
Cuisine / style: general.
Meal type: general purpose.
Main protein source: pork.
Cooking method: roast.
Additional attributes: brine, fall, garlic, herb, marinate, onion, raisin.
Note: this recipe has unusually extreme nutritional values."
doc_00328,"Brisket With Dried Apricots, Prunes, And Aromatic Spices",974.0,55.0,69.0,657.0,33.2,4.0,5.00,"Recipe: Brisket With Dried Apricots, Prunes, And Aromatic Spices.
Nutrition per serving: 974 kcal | 55 g protein | 69 g fat | 657 mg sodium | 33.2 g carbs | 4.0 g fibre.
Nutrition profile: very high-calorie (over 700 kcal), high-protein (≥25 g), high-fat (≥ 30 g), high-sodium (≥ 600 mg), moderate-carb (20–50 g), moderate-fibre (3–7 g).
User rating: 5.00/5 — outstanding (≥ 4.5).
Diet suitability: kosher.
Cuisine / style: general.
Meal type: general purpose.
Main protein source: beef.
Cooking method: roast.
Additional attributes: apricot, prune, sauté, spice, spring."
doc_00329,Broiled Bluefish Fillets With Fennel Mayonnaise,389.0,46.0,21.0,803.0,4.0,1.5,4.38,"Recipe: Broiled Bluefish Fillets With Fennel Mayonnaise.
Nutrition per serving: 389 kcal | 46 g protein | 21 g fat | 803 mg sodium | 4.0 g carbs | 1.5 g fibre.
Nutrition profile: moderate-calorie (200–400 kcal), high-protein (≥25 g), moderate-fat (15–29 g), high-sodium (≥ 600 mg), low-carb (< 20 g), low-fibre (< 3 g).
User rating: 4.38/5 — highly rated (4.0–4.4).
Diet suitability: none specified.
Cuisine / style: general.
Meal type: general purpose.
Main protein source: fish.
Cooking method: quick & easy.
Additional attributes: broil, garlic, lemon, mayonnaise."
doc_00330,Broiled Bluefish With Tomato And Herbs,431.0,46.0,25.0,543.0,5.5,1.5,4.38,"Recipe: Broiled Bluefish With Tomato And Herbs.
Nutrition per serving: 431 kcal | 46 g protein | 25 g fat | 543 mg sodium | 5.5 g carbs | 1.5 g fibre.
Nutrition profile: high-calorie (400–700 kcal), high-protein (≥25 g), moderate-fat (15–29 g), moderate-sodium (150–599 mg), low-carb (< 20 g), low-fibre (< 3 g).
User rating: 4.38/5 — highly rated (4.0–4.4).
Diet suitability: none specified.
Cuisine / style: general.
Meal type: general purpose.
Main protein source: fish.
Cooking method: standard.
Additional attributes: broil, chive, dill, low carb, mayonnaise, summer, tomato."
doc_00331,Broiled Cod With Fennel And Orange,476.0,40.0,20.0,703.0,34.0,4.0,4.38,"Recipe: Broiled Cod With Fennel And Orange.
Nutrition per serving: 476 kcal | 40 g protein | 20 g fat | 703 mg sodium | 34.0 g carbs | 4.0 g fibre.
Nutrition profile: high-calorie (400–700 kcal), high-protein (≥25 g), moderate-fat (15–29 g), high-sodium (≥ 600 mg), moderate-carb (20–50 g), moderate-fibre (3–7 g).
User rating: 4.38/5 — highly rated (4.0–4.4).
Diet suitability: none specified.
Cuisine / style: general.
Meal type: dinner.
Main protein source: bean, fish, seafood.
Cooking method: quick & easy.
Additional attributes: cod, fennel, garlic, orange, quick and healthy, wheat/gluten-free, winter."
doc_00332,Broiled Duck Breasts With Orange Chipotle Sauce,356.0,46.0,10.0,1129.0,20.5,4.0,4.38,"Recipe: Broiled Duck Breasts With Orange Chipotle Sauce.
Nutrition per serving: 356 kcal | 46 g protein | 10 g fat | 1129 mg sodium | 20.5 g carbs | 4.0 g fibre.
Nutrition profile: moderate-calorie (200–400 kcal), high-protein (≥25 g), low-fat (5–14 g), high-sodium (≥ 600 mg), moderate-carb (20–50 g), moderate-fibre (3–7 g).
User rating: 4.38/5 — highly rated (4.0–4.4).
Diet suitability: none specified.
Cuisine / style: general.
Meal type: general purpose.
Main protein source: not specified.
Cooking method: quick & easy.
Additional attributes: broil, cinnamon, duck, hot pepper, lime, maple syrup, orange."
doc_00333,Broiled Ham Steaks With Rhubarb Chutney,657.0,53.0,16.0,4991.0,75.2,0.5,5.00,"Recipe: Broiled Ham Steaks With Rhubarb Chutney.
Nutrition per serving: 657 kcal | 53 g protein | 16 g fat | 4991 mg sodium | 75.2 g carbs | 0.5 g fibre.
Nutrition profile: high-calorie (400–700 kcal), high-protein (≥25 g), moderate-fat (15–29 g), high-sodium (≥ 600 mg), high-carb (> 50 g), low-fibre (< 3 g).
User rating: 5.00/5 — outstanding (≥ 4.5).
Diet suitability: none specified.
Cuisine / style: general.
Meal type: general purpose.
Main protein source: not specified.
Cooking method: quick & easy.
Additional attributes: broil, cherry, fruit, ham, mustard, rhubarb, simmer, spring, vinegar.
Note: this recipe has unusually extreme nutritional values."
doc_00334,Broiled Salmon With Scallions And Sesame,585.0,48.0,39.0,727.0,10.5,6.0,5.00,"Recipe: Broiled Salmon With Scallions And Sesame.
Nutrition per serving: 585 kcal | 48 g protein | 39 g fat | 727 mg sodium | 10.5 g carbs | 6.0 g fibre.
Nutrition profile: high-calorie (400–700 kcal), high-protein (≥25 g), high-fat (≥ 30 g), high-sodium (≥ 600 mg), low-carb (< 20 g), moderate-fibre (3–7 g).
User rating: 5.00/5 — outstanding (≥ 4.5).
Diet suitability: dairy free, pescatarian.
Cuisine / style: general.
Meal type: dinner.
Main protein source: fish, seafood.
Cooking method: standard.
Additional attributes: broil, chile pepper, green onion/scallion, lime juice, peanut free, salmon, sesame, soy sauce, spring, tree nut free."
doc_00335,Broiled Spiced Lamb With Gingered Mint Pesto,644.0,56.0,44.0,955.0,6.0,1.5,4.38,"Recipe: Broiled Spiced Lamb With Gingered Mint Pesto.
Nutrition per serving: 644 kcal | 56 g protein | 44 g fat | 955 mg sodium | 6.0 g carbs | 1.5 g fibre.
Nutrition profile: high-calorie (400–700 kcal), high-protein (≥25 g), high-fat (≥ 30 g), high-sodium (≥ 600 mg), low-carb (< 20 g), low-fibre (< 3 g).
User rating: 4.38/5 — highly rated (4.0–4.4).
Diet suitability: none specified.
Cuisine / style: general.
Meal type: general purpose.
Main protein source: lamb.
Cooking method: quick & easy.
Additional attributes: broil, spice, summer, yogurt."
doc_00336,Brown Sugar-Chipotle Salmon With Honey-Berry Glaze,526.0,41.0,33.0,1305.0,16.2,1.5,4.38,"Recipe: Brown Sugar-Chipotle Salmon With Honey-Berry Glaze.
Nutrition per serving: 526 kcal | 41 g protein | 33 g fat | 1305 mg sodium | 16.2 g carbs | 1.5 g fibre.
Nutrition profile: high-calorie (400–700 kcal), high-protein (≥25 g), high-fat (≥ 30 g), high-sodium (≥ 600 mg), low-carb (< 20 g), low-fibre (< 3 g).
User rating: 4.38/5 — highly rated (4.0–4.4).
Diet suitability: none specified.
Cuisine / style: general.
Meal type: general purpose.
Main protein source: fish.
Cooking method: quick & easy.
Additional attributes: blackberry, honey, lime, pepper, salmon, sauté, spice, spring."
doc_00337,Brown Sugar-Cured Turkey With Wild Mushroom-Shallot Gravy,1350.0,160.4,52.0,3293.0,60.1,1.5,5.00,"Recipe: Brown Sugar-Cured Turkey With Wild Mushroom-Shallot Gravy.
Nutrition per serving: 1350 kcal | 160 g protein | 52 g fat | 3293 mg sodium | 60.1 g carbs | 1.5 g fibre.
Nutrition profile: very high-calorie (over 700 kcal), high-protein (≥25 g), high-fat (≥ 30 g), high-sodium (≥ 600 mg), high-carb (> 50 g), low-fibre (< 3 g).
User rating: 5.00/5 — outstanding (≥ 4.5).
Diet suitability: none specified.
Cuisine / style: general.
Meal type: general purpose.
Main protein source: turkey.
Cooking method: roast.
Additional attributes: fall, mushroom, onion, poultry.
Note: this recipe has unusually extreme nutritional values."
doc_00338,Buffalo Grilled Shrimp With Blue Cheese Dip And Celery,1881.0,160.4,43.0,5162.5,213.1,6.0,5.00,"Recipe: Buffalo Grilled Shrimp With Blue Cheese Dip And Celery.
Nutrition per serving: 1881 kcal | 160 g protein | 43 g fat | 5162 mg sodium | 213.1 g carbs | 6.0 g fibre.
Nutrition profile: very high-calorie (over 700 kcal), high-protein (≥25 g), high-fat (≥ 30 g), high-sodium (≥ 600 mg), high-carb (> 50 g), moderate-fibre (3–7 g).
User rating: 5.00/5 — outstanding (≥ 4.5).
Diet suitability: pescatarian, sugar conscious.
Cuisine / style: general.
Meal type: dinner, lunch.
Main protein source: shrimp.
Cooking method: grill/barbecue.
Additional attributes: blue cheese, celery, grill, no sugar added, peanut free, soy free, summer, tree nut free, wheat/gluten-free.
Note: this recipe has unusually extreme nutritional values."
doc_00339,Burgers With Mozzarella And Spinach-Arugula Pesto,676.0,35.0,47.0,875.0,28.2,6.0,5.00,"Recipe: Burgers With Mozzarella And Spinach-Arugula Pesto.
Nutrition per serving: 676 kcal | 35 g protein | 47 g fat | 875 mg sodium | 28.2 g carbs | 6.0 g fibre.
Nutrition profile: high-calorie (400–700 kcal), high-protein (≥25 g), high-fat (≥ 30 g), high-sodium (≥ 600 mg), moderate-carb (20–50 g), moderate-fibre (3–7 g).
User rating: 5.00/5 — outstanding (≥ 4.5).
Diet suitability: none specified.
Cuisine / style: general.
Meal type: sandwich.
Main protein source: beef.
Cooking method: grill/barbecue.
Additional attributes: arugula, cheese, fruit, herb, leafy green, mozzarella, spinach, summer."
doc_00340,Butter Mandu (Butter Dumplings),1434.0,40.0,140.0,1591.0,3.5,6.0,5.00,"Recipe: Butter Mandu (Butter Dumplings).
Nutrition per serving: 1434 kcal | 40 g protein | 140 g fat | 1591 mg sodium | 3.5 g carbs | 6.0 g fibre.
Nutrition profile: very high-calorie (over 700 kcal), high-protein (≥25 g), high-fat (≥ 30 g), high-sodium (≥ 600 mg), low-carb (< 20 g), moderate-fibre (3–7 g).
User rating: 5.00/5 — outstanding (≥ 4.5).
Diet suitability: sugar conscious.
Cuisine / style: general.
Meal type: appetizer.
Main protein source: not specified.
Cooking method: standard.
Additional attributes: cabbage, kid-friendly, peanut free, soy free, tree nut free, wheat/gluten-free.
Note: this recipe has unusually extreme nutritional values."
doc_00341,"Butterflied Trout With Spicy Lettuce, Celery, And Herbs",416.0,46.0,21.0,707.0,10.8,1.5,5.00,"Recipe: Butterflied Trout With Spicy Lettuce, Celery, And Herbs.
Nutrition per serving: 416 kcal | 46 g protein | 21 g fat | 707 mg sodium | 10.8 g carbs | 1.5 g fibre.
Nutrition profile: high-calorie (400–700 kcal), high-protein (≥25 g), moderate-fat (15–29 g), high-sodium (≥ 600 mg), low-carb (< 20 g), low-fibre (< 3 g).
User rating: 5.00/5 — outstanding (≥ 4.5).
Diet suitability: healthy.
Cuisine / style: general.
Meal type: general purpose.
Main protein source: not specified.
Cooking method: standard.
Additional attributes: celery, kid-friendly, lettuce, soy sauce, summer, trout."
doc_00342,Cal-Asian Seared Tuna Sandwiches,681.0,49.0,37.0,643.0,38.0,6.0,4.38,"Recipe: Cal-Asian Seared Tuna Sandwiches.
Nutrition per serving: 681 kcal | 49 g protein | 37 g fat | 643 mg sodium | 38.0 g carbs | 6.0 g fibre.
Nutrition profile: high-calorie (400–700 kcal), high-protein (≥25 g), high-fat (≥ 30 g), high-sodium (≥ 600 mg), moderate-carb (20–50 g), moderate-fibre (3–7 g).
User rating: 4.38/5 — highly rated (4.0–4.4).
Diet suitability: dairy free, kosher, pescatarian.
Cuisine / style: general.
Meal type: lunch, sandwich.
Main protein source: fish.
Cooking method: grill/barbecue.
Additional attributes: avocado, cucumber, ginger, mayonnaise, peanut free, radish, spring, tree nut free, vegetable."
doc_00343,Calf'S Liver With Apples And Onions,490.0,41.0,25.0,278.0,25.2,4.0,4.38,"Recipe: Calf'S Liver With Apples And Onions.
Nutrition per serving: 490 kcal | 41 g protein | 25 g fat | 278 mg sodium | 25.2 g carbs | 4.0 g fibre.
Nutrition profile: high-calorie (400–700 kcal), high-protein (≥25 g), moderate-fat (15–29 g), moderate-sodium (150–599 mg), moderate-carb (20–50 g), moderate-fibre (3–7 g).
User rating: 4.38/5 — highly rated (4.0–4.4).
Diet suitability: none specified.
Cuisine / style: general.
Meal type: general purpose.
Main protein source: beef.
Cooking method: standard.
Additional attributes: apple, bacon, fall, onion, sauté."
doc_00344,Carolina-Style Pork Bbq Sandwiches,422.0,55.0,16.0,1370.0,14.5,1.5,5.00,"Recipe: Carolina-Style Pork Bbq Sandwiches.
Nutrition per serving: 422 kcal | 55 g protein | 16 g fat | 1370 mg sodium | 14.5 g carbs | 1.5 g fibre.
Nutrition profile: high-calorie (400–700 kcal), high-protein (≥25 g), moderate-fat (15–29 g), high-sodium (≥ 600 mg), low-carb (< 20 g), low-fibre (< 3 g).
User rating: 5.00/5 — outstanding (≥ 4.5).
Diet suitability: none specified.
Cuisine / style: general.
Meal type: sandwich.
Main protein source: pork.
Cooking method: grill/barbecue."
doc_00345,Carrot Cake With Cream Cheese Frosting,2986.4,88.0,53.0,5162.5,539.4,6.0,5.00,"Recipe: Carrot Cake With Cream Cheese Frosting.
Nutrition per serving: 2986 kcal | 88 g protein | 53 g fat | 5162 mg sodium | 539.4 g carbs | 6.0 g fibre.
Nutrition profile: very high-calorie (over 700 kcal), high-protein (≥25 g), high-fat (≥ 30 g), high-sodium (≥ 600 mg), high-carb (> 50 g), moderate-fibre (3–7 g).
User rating: 5.00/5 — outstanding (≥ 4.5).
Diet suitability: kosher, pescatarian, vegetarian.
Cuisine / style: general.
Meal type: dessert.
Main protein source: not specified.
Cooking method: bake.
Additional attributes: cake, carrot, cream cheese, kidney friendly, peanut free, soy free.
Note: this recipe has unusually extreme nutritional values."
doc_00346,Catfish And Okra With Pecan Butter Sauce,686.0,40.0,49.0,527.0,21.2,6.0,4.38,"Recipe: Catfish And Okra With Pecan Butter Sauce.
Nutrition per serving: 686 kcal | 40 g protein | 49 g fat | 527 mg sodium | 21.2 g carbs | 6.0 g fibre.
Nutrition profile: high-calorie (400–700 kcal), high-protein (≥25 g), high-fat (≥ 30 g), moderate-sodium (150–599 mg), moderate-carb (20–50 g), moderate-fibre (3–7 g).
User rating: 4.38/5 — highly rated (4.0–4.4).
Diet suitability: pescatarian.
Cuisine / style: general.
Meal type: dinner.
Main protein source: fish, nut, seafood.
Cooking method: quick & easy, roast.
Additional attributes: no sugar added, okra, peanut free, pecan, soy free, tomato, vegetable, wheat/gluten-free."
doc_00347,Cedar-Planked Char With Wood-Grilled Onions,1051.0,95.0,69.0,1551.0,12.5,6.0,5.00,"Recipe: Cedar-Planked Char With Wood-Grilled Onions.
Nutrition per serving: 1051 kcal | 95 g protein | 69 g fat | 1551 mg sodium | 12.5 g carbs | 6.0 g fibre.
Nutrition profile: very high-calorie (over 700 kcal), high-protein (≥25 g), high-fat (≥ 30 g), high-sodium (≥ 600 mg), low-carb (< 20 g), moderate-fibre (3–7 g).
User rating: 5.00/5 — outstanding (≥ 4.5).
Diet suitability: dairy free, paleo, pescatarian.
Cuisine / style: general.
Meal type: dinner.
Main protein source: fish, seafood.
Cooking method: advance prep required, grill/barbecue.
Additional attributes: grill, no sugar added, peanut free, soy free, summer, tree nut free, wheat/gluten-free."
doc_00348,"Charred Octopus With Peach, Arugula And Aged Balsamic",338.0,41.0,11.0,3035.0,18.8,6.0,5.00,"Recipe: Charred Octopus With Peach, Arugula And Aged Balsamic.
Nutrition per serving: 338 kcal | 41 g protein | 11 g fat | 3035 mg sodium | 18.8 g carbs | 6.0 g fibre.
Nutrition profile: moderate-calorie (200–400 kcal), high-protein (≥25 g), low-fat (5–14 g), high-sodium (≥ 600 mg), low-carb (< 20 g), moderate-fibre (3–7 g).
User rating: 5.00/5 — outstanding (≥ 4.5).
Diet suitability: dairy free, healthy, paleo.
Cuisine / style: general.
Meal type: appetizer.
Main protein source: not specified.
Cooking method: standard.
Additional attributes: arugula, no sugar added, octopus, peach, peanut free, prosciutto, soy free, summer, tree nut free, vinegar, wheat/gluten-free.
Note: this recipe has unusually extreme nutritional values."
doc_00349,"Charred Squid And Conch Buljol With ""Soused"" Green Figs And Tomato Chokha Coulis",456.0,43.0,22.0,384.0,21.5,6.0,4.38,"Recipe: Charred Squid And Conch Buljol With ""Soused"" Green Figs And Tomato Chokha Coulis.
Nutrition per serving: 456 kcal | 43 g protein | 22 g fat | 384 mg sodium | 21.5 g carbs | 6.0 g fibre.
Nutrition profile: high-calorie (400–700 kcal), high-protein (≥25 g), moderate-fat (15–29 g), moderate-sodium (150–599 mg), moderate-carb (20–50 g), moderate-fibre (3–7 g).
User rating: 4.38/5 — highly rated (4.0–4.4).
Diet suitability: dairy free, paleo, pescatarian.
Cuisine / style: general.
Meal type: breakfast, salad.
Main protein source: not specified.
Cooking method: grill/barbecue.
Additional attributes: banana, bell pepper, fig, herb, hot pepper, lime, no sugar added, peanut free, soy free, squid, tomato, tree nut free, wheat/gluten-free."
doc_00350,Cheeseburgers With Charred Green Chiles And Onions,567.0,42.0,30.0,1118.0,32.2,1.5,4.38,"Recipe: Cheeseburgers With Charred Green Chiles And Onions.
Nutrition per serving: 567 kcal | 42 g protein | 30 g fat | 1118 mg sodium | 32.2 g carbs | 1.5 g fibre.
Nutrition profile: high-calorie (400–700 kcal), high-protein (≥25 g), high-fat (≥ 30 g), high-sodium (≥ 600 mg), moderate-carb (20–50 g), low-fibre (< 3 g).
User rating: 4.38/5 — highly rated (4.0–4.4).
Diet suitability: none specified.
Cuisine / style: general.
Meal type: sandwich.
Main protein source: beef.
Cooking method: grill/barbecue.
Additional attributes: cheddar, hot pepper, mayonnaise, onion, summer."
doc_00351,"Chicken & Squash Cacciatore, Mushrooms, Tomatoes, Olives, Bread",885.0,44.0,48.0,501.0,69.2,4.0,5.00,"Recipe: Chicken & Squash Cacciatore, Mushrooms, Tomatoes, Olives, Bread.
Nutrition per serving: 885 kcal | 44 g protein | 48 g fat | 501 mg sodium | 69.2 g carbs | 4.0 g fibre.
Nutrition profile: very high-calorie (over 700 kcal), high-protein (≥25 g), high-fat (≥ 30 g), moderate-sodium (150–599 mg), high-carb (> 50 g), moderate-fibre (3–7 g).
User rating: 5.00/5 — outstanding (≥ 4.5).
Diet suitability: healthy, low fat.
Cuisine / style: general.
Meal type: general purpose.
Main protein source: chicken.
Cooking method: standard.
Additional attributes: bread, butternut squash, kid-friendly, mushroom, tomato."
doc_00352,Chicken And Dumplings With Mushrooms,666.0,44.0,40.0,807.0,32.5,6.0,4.38,"Recipe: Chicken And Dumplings With Mushrooms.
Nutrition per serving: 666 kcal | 44 g protein | 40 g fat | 807 mg sodium | 32.5 g carbs | 6.0 g fibre.
Nutrition profile: high-calorie (400–700 kcal), high-protein (≥25 g), high-fat (≥ 30 g), high-sodium (≥ 600 mg), moderate-carb (20–50 g), moderate-fibre (3–7 g).
User rating: 4.38/5 — highly rated (4.0–4.4).
Diet suitability: none specified.
Cuisine / style: general.
Meal type: dinner, lunch, soup/stew.
Main protein source: chicken.
Cooking method: standard.
Additional attributes: braise, fall, kid-friendly, mushroom, peanut free, poultry, soy free, tree nut free, winter."
doc_00353,Chicken And Fall Vegetable Pot Pie,617.0,58.0,32.0,336.0,24.2,6.0,4.38,"Recipe: Chicken And Fall Vegetable Pot Pie.
Nutrition per serving: 617 kcal | 58 g protein | 32 g fat | 336 mg sodium | 24.2 g carbs | 6.0 g fibre.
Nutrition profile: high-calorie (400–700 kcal), high-protein (≥25 g), high-fat (≥ 30 g), moderate-sodium (150–599 mg), moderate-carb (20–50 g), moderate-fibre (3–7 g).
User rating: 4.38/5 — highly rated (4.0–4.4).
Diet suitability: none specified.
Cuisine / style: general.
Meal type: dinner.
Main protein source: chicken.
Cooking method: bake.
Additional attributes: carrot, casserole/gratin, fall, milk/cream, peanut free, poultry, soy free, tree nut free, turnip, vegetable."
doc_00354,Chicken And Mashed Potatoes With Herb-Roasted Tomatoes And Olive Broth,551.0,41.0,38.0,332.0,11.2,6.0,4.38,"Recipe: Chicken And Mashed Potatoes With Herb-Roasted Tomatoes And Olive Broth.
Nutrition per serving: 551 kcal | 41 g protein | 38 g fat | 332 mg sodium | 11.2 g carbs | 6.0 g fibre.
Nutrition profile: high-calorie (400–700 kcal), high-protein (≥25 g), high-fat (≥ 30 g), moderate-sodium (150–599 mg), low-carb (< 20 g), moderate-fibre (3–7 g).
User rating: 4.38/5 — highly rated (4.0–4.4).
Diet suitability: healthy.
Cuisine / style: general.
Meal type: general purpose.
Main protein source: chicken.
Cooking method: roast.
Additional attributes: fall, herb, olive, potato, sauté, spinach, tomato."
doc_00355,Chicken And Nectarine Salad With Toasted Cumin Mayonnaise,593.0,47.0,40.0,318.0,11.2,4.0,4.38,"Recipe: Chicken And Nectarine Salad With Toasted Cumin Mayonnaise.
Nutrition per serving: 593 kcal | 47 g protein | 40 g fat | 318 mg sodium | 11.2 g carbs | 4.0 g fibre.
Nutrition profile: high-calorie (400–700 kcal), high-protein (≥25 g), high-fat (≥ 30 g), moderate-sodium (150–599 mg), low-carb (< 20 g), moderate-fibre (3–7 g).
User rating: 4.38/5 — highly rated (4.0–4.4).
Diet suitability: none specified.
Cuisine / style: general.
Meal type: salad.
Main protein source: chicken.
Cooking method: quick & easy.
Additional attributes: almond, lettuce, low carb, mayonnaise, nectarine, summer."
doc_00356,Chicken And Sausage Jambalaya,1117.0,56.0,70.0,1632.0,65.8,9.0,5.00,"Recipe: Chicken And Sausage Jambalaya.
Nutrition per serving: 1117 kcal | 56 g protein | 70 g fat | 1632 mg sodium | 65.8 g carbs | 9.0 g fibre.
Nutrition profile: very high-calorie (over 700 kcal), high-protein (≥25 g), high-fat (≥ 30 g), high-sodium (≥ 600 mg), high-carb (> 50 g), high-fibre (> 7 g).
User rating: 5.00/5 — outstanding (≥ 4.5).
Diet suitability: high fiber.
Cuisine / style: general.
Meal type: dinner.
Main protein source: chicken.
Cooking method: standard.
Additional attributes: bell pepper, ham, no sugar added, peanut free, sausage, soy free, tree nut free, wheat/gluten-free."
doc_00357,Chicken Bacon Roulades,668.0,52.0,42.0,668.0,20.5,1.5,4.38,"Recipe: Chicken Bacon Roulades.
Nutrition per serving: 668 kcal | 52 g protein | 42 g fat | 668 mg sodium | 20.5 g carbs | 1.5 g fibre.
Nutrition profile: high-calorie (400–700 kcal), high-protein (≥25 g), high-fat (≥ 30 g), high-sodium (≥ 600 mg), moderate-carb (20–50 g), low-fibre (< 3 g).
User rating: 4.38/5 — highly rated (4.0–4.4).
Diet suitability: none specified.
Cuisine / style: general.
Meal type: general purpose.
Main protein source: chicken.
Cooking method: bake.
Additional attributes: bacon, poultry."
doc_00358,Chicken Breasts With Chive And Mustard Sauce,659.0,51.0,39.0,1287.0,26.0,6.0,4.38,"Recipe: Chicken Breasts With Chive And Mustard Sauce.
Nutrition per serving: 659 kcal | 51 g protein | 39 g fat | 1287 mg sodium | 26.0 g carbs | 6.0 g fibre.
Nutrition profile: high-calorie (400–700 kcal), high-protein (≥25 g), high-fat (≥ 30 g), high-sodium (≥ 600 mg), moderate-carb (20–50 g), moderate-fibre (3–7 g).
User rating: 4.38/5 — highly rated (4.0–4.4).
Diet suitability: sugar conscious.
Cuisine / style: general.
Meal type: dinner.
Main protein source: chicken.
Cooking method: standard.
Additional attributes: chive, herb, mustard, peanut free, poultry, sauté, soy free, tree nut free, wheat/gluten-free."
doc_00359,Chicken Breasts With Sun-Dried Tomato-Cream Sauce,538.0,55.0,31.0,156.0,9.8,6.0,4.38,"Recipe: Chicken Breasts With Sun-Dried Tomato-Cream Sauce.
Nutrition per serving: 538 kcal | 55 g protein | 31 g fat | 156 mg sodium | 9.8 g carbs | 6.0 g fibre.
Nutrition profile: high-calorie (400–700 kcal), high-protein (≥25 g), high-fat (≥ 30 g), moderate-sodium (150–599 mg), low-carb (< 20 g), moderate-fibre (3–7 g).
User rating: 4.38/5 — highly rated (4.0–4.4).
Diet suitability: sugar conscious.
Cuisine / style: general.
Meal type: dinner.
Main protein source: chicken.
Cooking method: standard.
Additional attributes: dairy, low carb, milk/cream, no sugar added, peanut free, poultry, sauté, soy free, tomato, tree nut free, wheat/gluten-free, winter."
doc_00360,"Chicken Breasts With Wild Mushrooms, Marjoram, And Marsala",610.0,73.0,26.0,172.0,21.0,1.5,4.38,"Recipe: Chicken Breasts With Wild Mushrooms, Marjoram, And Marsala.
Nutrition per serving: 610 kcal | 73 g protein | 26 g fat | 172 mg sodium | 21.0 g carbs | 1.5 g fibre.
Nutrition profile: high-calorie (400–700 kcal), high-protein (≥25 g), moderate-fat (15–29 g), moderate-sodium (150–599 mg), moderate-carb (20–50 g), low-fibre (< 3 g).
User rating: 4.38/5 — highly rated (4.0–4.4).
Diet suitability: none specified.
Cuisine / style: general.
Meal type: general purpose.
Main protein source: chicken.
Cooking method: quick & easy.
Additional attributes: herb, milk/cream, mushroom, sauté, shallot, winter."
doc_00361,Chicken Curry With Sweet Potatoes,591.0,54.0,21.0,1735.0,46.5,6.0,5.00,"Recipe: Chicken Curry With Sweet Potatoes.
Nutrition per serving: 591 kcal | 54 g protein | 21 g fat | 1735 mg sodium | 46.5 g carbs | 6.0 g fibre.
Nutrition profile: high-calorie (400–700 kcal), high-protein (≥25 g), moderate-fat (15–29 g), high-sodium (≥ 600 mg), moderate-carb (20–50 g), moderate-fibre (3–7 g).
User rating: 5.00/5 — outstanding (≥ 4.5).
Diet suitability: none specified.
Cuisine / style: curry.
Meal type: general purpose.
Main protein source: chicken.
Cooking method: standard.
Additional attributes: carrot, ginger, lemongrass, milk/cream, onion, potato, sauté, sweet potato/yam."
doc_00362,Chicken Marsala,695.0,59.0,35.0,506.0,36.0,1.5,5.00,"Recipe: Chicken Marsala.
Nutrition per serving: 695 kcal | 59 g protein | 35 g fat | 506 mg sodium | 36.0 g carbs | 1.5 g fibre.
Nutrition profile: high-calorie (400–700 kcal), high-protein (≥25 g), high-fat (≥ 30 g), moderate-sodium (150–599 mg), moderate-carb (20–50 g), low-fibre (< 3 g).
User rating: 5.00/5 — outstanding (≥ 4.5).
Diet suitability: none specified.
Cuisine / style: general.
Meal type: general purpose.
Main protein source: chicken.
Cooking method: quick & easy.
Additional attributes: mushroom, poultry, sauté."
doc_00363,Chicken Tikka Masala,687.0,38.0,53.0,1351.0,14.5,6.0,5.00,"Recipe: Chicken Tikka Masala.
Nutrition per serving: 687 kcal | 38 g protein | 53 g fat | 1351 mg sodium | 14.5 g carbs | 6.0 g fibre.
Nutrition profile: high-calorie (400–700 kcal), high-protein (≥25 g), high-fat (≥ 30 g), high-sodium (≥ 600 mg), low-carb (< 20 g), moderate-fibre (3–7 g).
User rating: 5.00/5 — outstanding (≥ 4.5).
Diet suitability: none specified.
Cuisine / style: general.
Meal type: dinner.
Main protein source: chicken.
Cooking method: standard.
Additional attributes: chile pepper, cilantro, hot pepper, no sugar added, peanut free, soy free, spice, tomato, tree nut free, wheat/gluten-free, yogurt."
doc_00364,Chile-Marinated Pork With Vietnamese Brussels Sprouts,591.0,56.0,33.0,1634.0,17.5,6.0,5.00,"Recipe: Chile-Marinated Pork With Vietnamese Brussels Sprouts.
Nutrition per serving: 591 kcal | 56 g protein | 33 g fat | 1634 mg sodium | 17.5 g carbs | 6.0 g fibre.
Nutrition profile: high-calorie (400–700 kcal), high-protein (≥25 g), high-fat (≥ 30 g), high-sodium (≥ 600 mg), low-carb (< 20 g), moderate-fibre (3–7 g).
User rating: 5.00/5 — outstanding (≥ 4.5).
Diet suitability: none specified.
Cuisine / style: general.
Meal type: dinner.
Main protein source: pork.
Cooking method: standard.
Additional attributes: brussel sprout, chile pepper, mint, peanut, pork tenderloin, soy sauce, tree nut free."
doc_00365,Chocolate Cake With Caramel-Coconut-Almond Filling,931.0,13.0,58.0,406.0,89.2,6.0,4.38,"Recipe: Chocolate Cake With Caramel-Coconut-Almond Filling.
Nutrition per serving: 931 kcal | 13 g protein | 58 g fat | 406 mg sodium | 89.2 g carbs | 6.0 g fibre.
Nutrition profile: very high-calorie (over 700 kcal), moderate-protein (10–24 g), high-fat (≥ 30 g), moderate-sodium (150–599 mg), high-carb (> 50 g), moderate-fibre (3–7 g).
User rating: 4.38/5 — highly rated (4.0–4.4).
Diet suitability: kosher, pescatarian, vegetarian.
Cuisine / style: general.
Meal type: dessert.
Main protein source: not specified.
Cooking method: bake.
Additional attributes: almond, cake, chocolate, coconut, fall, kid-friendly, peanut free, sour cream, soy free."
doc_00366,Cioppino,522.0,69.0,14.0,2955.0,30.0,6.0,5.00,"Recipe: Cioppino.
Nutrition per serving: 522 kcal | 69 g protein | 14 g fat | 2955 mg sodium | 30.0 g carbs | 6.0 g fibre.
Nutrition profile: high-calorie (400–700 kcal), high-protein (≥25 g), low-fat (5–14 g), high-sodium (≥ 600 mg), moderate-carb (20–50 g), moderate-fibre (3–7 g).
User rating: 5.00/5 — outstanding (≥ 4.5).
Diet suitability: dairy free.
Cuisine / style: general.
Meal type: dinner, soup/stew.
Main protein source: shrimp.
Cooking method: standard.
Additional attributes: clam, parsley, peanut free, scallop, snapper, soy free, tree nut free, wheat/gluten-free.
Note: this recipe has unusually extreme nutritional values."
doc_00367,Cioppino Seafood Stew With Gremolata Toasts,561.0,49.0,19.0,2038.0,48.5,4.0,5.00,"Recipe: Cioppino Seafood Stew With Gremolata Toasts.
Nutrition per serving: 561 kcal | 49 g protein | 19 g fat | 2038 mg sodium | 48.5 g carbs | 4.0 g fibre.
Nutrition profile: high-calorie (400–700 kcal), high-protein (≥25 g), moderate-fat (15–29 g), high-sodium (≥ 600 mg), moderate-carb (20–50 g), moderate-fibre (3–7 g).
User rating: 5.00/5 — outstanding (≥ 4.5).
Diet suitability: none specified.
Cuisine / style: general.
Meal type: soup/stew.
Main protein source: fish, seafood, shrimp.
Cooking method: standard.
Additional attributes: bread, clam, mussel, shellfish, squid."
doc_00368,Citrus-Brined Pork Loin With Peach Mustard,683.0,57.0,41.0,5162.5,21.5,6.0,5.00,"Recipe: Citrus-Brined Pork Loin With Peach Mustard.
Nutrition per serving: 683 kcal | 57 g protein | 41 g fat | 5162 mg sodium | 21.5 g carbs | 6.0 g fibre.
Nutrition profile: high-calorie (400–700 kcal), high-protein (≥25 g), high-fat (≥ 30 g), high-sodium (≥ 600 mg), moderate-carb (20–50 g), moderate-fibre (3–7 g).
User rating: 5.00/5 — outstanding (≥ 4.5).
Diet suitability: none specified.
Cuisine / style: general.
Meal type: general purpose.
Main protein source: not specified.
Cooking method: grill/barbecue.
Additional attributes: coriander, grill, lemon, pork tenderloin, summer, thyme.
Note: this recipe has unusually extreme nutritional values."
doc_00369,Clam And Cod Chowder,560.0,59.0,21.0,1637.0,33.8,6.0,5.00,"Recipe: Clam And Cod Chowder.
Nutrition per serving: 560 kcal | 59 g protein | 21 g fat | 1637 mg sodium | 33.8 g carbs | 6.0 g fibre.
Nutrition profile: high-calorie (400–700 kcal), high-protein (≥25 g), moderate-fat (15–29 g), high-sodium (≥ 600 mg), moderate-carb (20–50 g), moderate-fibre (3–7 g).
User rating: 5.00/5 — outstanding (≥ 4.5).
Diet suitability: sugar conscious.
Cuisine / style: general.
Meal type: lunch, soup/stew.
Main protein source: not specified.
Cooking method: standard.
Additional attributes: celery, clam, cod, fall, kid-friendly, leek, peanut free, potato, soy free, tree nut free, wheat/gluten-free, winter."
doc_00370,Coffee-Rubbed Cheeseburgers With Texas Barbecue Sauce,543.0,39.0,32.0,871.0,24.8,6.0,5.00,"Recipe: Coffee-Rubbed Cheeseburgers With Texas Barbecue Sauce.
Nutrition per serving: 543 kcal | 39 g protein | 32 g fat | 871 mg sodium | 24.8 g carbs | 6.0 g fibre.
Nutrition profile: high-calorie (400–700 kcal), high-protein (≥25 g), high-fat (≥ 30 g), high-sodium (≥ 600 mg), moderate-carb (20–50 g), moderate-fibre (3–7 g).
User rating: 5.00/5 — outstanding (≥ 4.5).
Diet suitability: none specified.
Cuisine / style: general.
Meal type: dinner.
Main protein source: not specified.
Cooking method: grill/barbecue.
Additional attributes: bacon, coffee, gouda, grill, ground beef, peanut free, soy free, tree nut free."
doc_00371,"Corn, Tomato, And Lobster Salad",534.0,36.0,22.0,1040.0,48.0,6.0,5.00,"Recipe: Corn, Tomato, And Lobster Salad.
Nutrition per serving: 534 kcal | 36 g protein | 22 g fat | 1040 mg sodium | 48.0 g carbs | 6.0 g fibre.
Nutrition profile: high-calorie (400–700 kcal), high-protein (≥25 g), moderate-fat (15–29 g), high-sodium (≥ 600 mg), moderate-carb (20–50 g), moderate-fibre (3–7 g).
User rating: 5.00/5 — outstanding (≥ 4.5).
Diet suitability: dairy free, pescatarian.
Cuisine / style: general.
Meal type: dinner, lunch, salad.
Main protein source: seafood.
Cooking method: steam.
Additional attributes: corn, lobster, peanut free, shellfish, soy free, summer, tarragon, tomato, tree nut free, wheat/gluten-free."
doc_00372,Crispy Chicken Wings,582.0,45.0,41.0,1647.0,8.2,6.0,5.00,"Recipe: Crispy Chicken Wings.
Nutrition per serving: 582 kcal | 45 g protein | 41 g fat | 1647 mg sodium | 8.2 g carbs | 6.0 g fibre.
Nutrition profile: high-calorie (400–700 kcal), high-protein (≥25 g), high-fat (≥ 30 g), high-sodium (≥ 600 mg), low-carb (< 20 g), moderate-fibre (3–7 g).
User rating: 5.00/5 — outstanding (≥ 4.5).
Diet suitability: dairy free, kosher, sugar conscious.
Cuisine / style: general.
Meal type: appetizer.
Main protein source: chicken.
Cooking method: bake, quick & easy.
Additional attributes: hot pepper, no sugar added, peanut free, soy free, tree nut free, wheat/gluten-free."
doc_00373,Dominican Chimichurri Burgers,417.0,37.0,14.0,693.0,35.8,6.0,5.00,"Recipe: Dominican Chimichurri Burgers.
Nutrition per serving: 417 kcal | 37 g protein | 14 g fat | 693 mg sodium | 35.8 g carbs | 6.0 g fibre.
Nutrition profile: high-calorie (400–700 kcal), high-protein (≥25 g), low-fat (5–14 g), high-sodium (≥ 600 mg), moderate-carb (20–50 g), moderate-fibre (3–7 g).
User rating: 5.00/5 — outstanding (≥ 4.5).
Diet suitability: dairy free, kosher.
Cuisine / style: general.
Meal type: dinner, lunch, sandwich.
Main protein source: beef.
Cooking method: standard.
Additional attributes: bell pepper, cabbage, carrot, onion, peanut free, root vegetable, tree nut free, vegetable."
doc_00374,Dorade With Potatoes And Burst Tomato Sauce,498.0,44.0,22.0,229.0,31.0,6.0,5.00,"Recipe: Dorade With Potatoes And Burst Tomato Sauce.
Nutrition per serving: 498 kcal | 44 g protein | 22 g fat | 229 mg sodium | 31.0 g carbs | 6.0 g fibre.
Nutrition profile: high-calorie (400–700 kcal), high-protein (≥25 g), moderate-fat (15–29 g), moderate-sodium (150–599 mg), moderate-carb (20–50 g), moderate-fibre (3–7 g).
User rating: 5.00/5 — outstanding (≥ 4.5).
Diet suitability: dairy free, pescatarian.
Cuisine / style: general.
Meal type: dinner.
Main protein source: fish, seafood.
Cooking method: standard.
Additional attributes: capers, lemon, peanut free, pine nut, potato, soy free, summer, tomato, wheat/gluten-free."
doc_00375,Dry-Rubbed Flank Steak With Grilled Corn Salsa,494.0,41.0,23.0,1136.0,30.8,6.0,5.00,"Recipe: Dry-Rubbed Flank Steak With Grilled Corn Salsa.
Nutrition per serving: 494 kcal | 41 g protein | 23 g fat | 1136 mg sodium | 30.8 g carbs | 6.0 g fibre.
Nutrition profile: high-calorie (400–700 kcal), high-protein (≥25 g), moderate-fat (15–29 g), high-sodium (≥ 600 mg), moderate-carb (20–50 g), moderate-fibre (3–7 g).
User rating: 5.00/5 — outstanding (≥ 4.5).
Diet suitability: healthy.
Cuisine / style: general.
Meal type: general purpose.
Main protein source: not specified.
Cooking method: standard.
Additional attributes: corn, cumin, kid-friendly, paprika, steak."
doc_00376,Duck Bigarade,324.0,42.0,9.0,209.0,18.8,6.0,5.00,"Recipe: Duck Bigarade.
Nutrition per serving: 324 kcal | 42 g protein | 9 g fat | 209 mg sodium | 18.8 g carbs | 6.0 g fibre.
Nutrition profile: moderate-calorie (200–400 kcal), high-protein (≥25 g), low-fat (5–14 g), moderate-sodium (150–599 mg), low-carb (< 20 g), moderate-fibre (3–7 g).
User rating: 5.00/5 — outstanding (≥ 4.5).
Diet suitability: dairy free, kosher.
Cuisine / style: general.
Meal type: dinner.
Main protein source: not specified.
Cooking method: advance prep required.
Additional attributes: citrus, duck, fall, fruit, orange, peanut free, poultry, soy free, tree nut free, winter."
doc_00377,Fish With Curried Cucumber Tomato Water And Tomato Herb Salad,411.0,72.0,9.0,421.0,10.5,4.0,5.00,"Recipe: Fish With Curried Cucumber Tomato Water And Tomato Herb Salad.
Nutrition per serving: 411 kcal | 72 g protein | 9 g fat | 421 mg sodium | 10.5 g carbs | 4.0 g fibre.
Nutrition profile: high-calorie (400–700 kcal), high-protein (≥25 g), low-fat (5–14 g), moderate-sodium (150–599 mg), low-carb (< 20 g), moderate-fibre (3–7 g).
User rating: 5.00/5 — outstanding (≥ 4.5).
Diet suitability: healthy.
Cuisine / style: curry.
Meal type: general purpose.
Main protein source: fish, seafood.
Cooking method: bake.
Additional attributes: bass, cucumber, herb, snapper, summer, tomato, vegetable."
doc_00378,Ginger-Marinated Hanger Steak,573.0,36.0,45.0,540.0,6.0,6.0,5.00,"Recipe: Ginger-Marinated Hanger Steak.
Nutrition per serving: 573 kcal | 36 g protein | 45 g fat | 540 mg sodium | 6.0 g carbs | 6.0 g fibre.
Nutrition profile: high-calorie (400–700 kcal), high-protein (≥25 g), high-fat (≥ 30 g), moderate-sodium (150–599 mg), low-carb (< 20 g), moderate-fibre (3–7 g).
User rating: 5.00/5 — outstanding (≥ 4.5).
Diet suitability: dairy free, kosher, sugar conscious.
Cuisine / style: general.
Meal type: dinner.
Main protein source: beef.
Cooking method: quick & easy.
Additional attributes: bok choy, ginger, meat, peanut free, steak, tree nut free."
doc_00379,Glazed And Lacquered Roast Turkey,681.0,82.0,34.0,5162.5,11.8,6.0,5.00,"Recipe: Glazed And Lacquered Roast Turkey.
Nutrition per serving: 681 kcal | 82 g protein | 34 g fat | 5162 mg sodium | 11.8 g carbs | 6.0 g fibre.
Nutrition profile: high-calorie (400–700 kcal), high-protein (≥25 g), high-fat (≥ 30 g), high-sodium (≥ 600 mg), low-carb (< 20 g), moderate-fibre (3–7 g).
User rating: 5.00/5 — outstanding (≥ 4.5).
Diet suitability: none specified.
Cuisine / style: general.
Meal type: dinner.
Main protein source: turkey.
Cooking method: standard.
Additional attributes: peanut free, tree nut free.
Note: this recipe has unusually extreme nutritional values."
doc_00380,Golden Pan-Fried Fish,415.0,48.0,15.0,1333.0,22.0,1.5,5.00,"Recipe: Golden Pan-Fried Fish.
Nutrition per serving: 415 kcal | 48 g protein | 15 g fat | 1333 mg sodium | 22.0 g carbs | 1.5 g fibre.
Nutrition profile: high-calorie (400–700 kcal), high-protein (≥25 g), moderate-fat (15–29 g), high-sodium (≥ 600 mg), moderate-carb (20–50 g), low-fibre (< 3 g).
User rating: 5.00/5 — outstanding (≥ 4.5).
Diet suitability: pescatarian, sugar conscious.
Cuisine / style: general.
Meal type: dinner.
Main protein source: not specified.
Cooking method: standard.
Additional attributes: halibut, pan-fry."
doc_00381,Grandfather'S Cioppino,516.0,59.0,17.0,1230.0,31.8,1.5,5.00,"Recipe: Grandfather'S Cioppino.
Nutrition per serving: 516 kcal | 59 g protein | 17 g fat | 1230 mg sodium | 31.8 g carbs | 1.5 g fibre.
Nutrition profile: high-calorie (400–700 kcal), high-protein (≥25 g), moderate-fat (15–29 g), high-sodium (≥ 600 mg), moderate-carb (20–50 g), low-fibre (< 3 g).
User rating: 5.00/5 — outstanding (≥ 4.5).
Diet suitability: none specified.
Cuisine / style: general.
Meal type: general purpose.
Main protein source: not specified.
Cooking method: standard.
Additional attributes: fall, garlic, herb, onion, shellfish, tomato."
doc_00382,"Grilled Butterflied Leg Of Lamb With Lemon, Herbs, And Garlic",572.0,46.0,41.0,859.0,4.8,1.5,5.00,"Recipe: Grilled Butterflied Leg Of Lamb With Lemon, Herbs, And Garlic.
Nutrition per serving: 572 kcal | 46 g protein | 41 g fat | 859 mg sodium | 4.8 g carbs | 1.5 g fibre.
Nutrition profile: high-calorie (400–700 kcal), high-protein (≥25 g), high-fat (≥ 30 g), high-sodium (≥ 600 mg), low-carb (< 20 g), low-fibre (< 3 g).
User rating: 5.00/5 — outstanding (≥ 4.5).
Diet suitability: none specified.
Cuisine / style: general.
Meal type: dinner.
Main protein source: lamb.
Cooking method: grill/barbecue.
Additional attributes: garlic, grill, kid-friendly, marinate, summer, thyme."
doc_00383,Grilled Filet Mignon With Brandy Mustard Sauce,645.0,38.0,42.0,263.0,28.8,9.0,5.00,"Recipe: Grilled Filet Mignon With Brandy Mustard Sauce.
Nutrition per serving: 645 kcal | 38 g protein | 42 g fat | 263 mg sodium | 28.8 g carbs | 9.0 g fibre.
Nutrition profile: high-calorie (400–700 kcal), high-protein (≥25 g), high-fat (≥ 30 g), moderate-sodium (150–599 mg), moderate-carb (20–50 g), high-fibre (> 7 g).
User rating: 5.00/5 — outstanding (≥ 4.5).
Diet suitability: sugar conscious.
Cuisine / style: general.
Meal type: dinner.
Main protein source: not specified.
Cooking method: grill/barbecue.
Additional attributes: grill, meat, mustard, peanut free, soy free, summer, tree nut free, wheat/gluten-free."
doc_00384,Grilled Fish With Orange-Fennel Salsa,435.0,39.0,21.0,514.0,22.5,6.0,5.00,"Recipe: Grilled Fish With Orange-Fennel Salsa.
Nutrition per serving: 435 kcal | 39 g protein | 21 g fat | 514 mg sodium | 22.5 g carbs | 6.0 g fibre.
Nutrition profile: high-calorie (400–700 kcal), high-protein (≥25 g), moderate-fat (15–29 g), moderate-sodium (150–599 mg), moderate-carb (20–50 g), moderate-fibre (3–7 g).
User rating: 5.00/5 — outstanding (≥ 4.5).
Diet suitability: dairy free, kosher, pescatarian.
Cuisine / style: general.
Meal type: dinner.
Main protein source: fish.
Cooking method: grill/barbecue.
Additional attributes: fall, fennel, fruit, onion, orange, peanut free, summer, tree nut free, vegetable."
doc_00385,"Grilled Flank Steak, Onion And Bell Pepper Sandwiches",529.0,42.0,29.0,2745.0,25.0,0.5,5.00,"Recipe: Grilled Flank Steak, Onion And Bell Pepper Sandwiches.
Nutrition per serving: 529 kcal | 42 g protein | 29 g fat | 2745 mg sodium | 25.0 g carbs | 0.5 g fibre.
Nutrition profile: high-calorie (400–700 kcal), high-protein (≥25 g), moderate-fat (15–29 g), high-sodium (≥ 600 mg), moderate-carb (20–50 g), low-fibre (< 3 g).
User rating: 5.00/5 — outstanding (≥ 4.5).
Diet suitability: none specified.
Cuisine / style: general.
Meal type: sandwich.
Main protein source: not specified.
Cooking method: grill/barbecue.
Additional attributes: bell pepper, onion, steak, summer.
Note: this recipe has unusually extreme nutritional values."
doc_00386,Grilled Leg Of Lamb With Ancho Chile Marinade,509.0,38.0,36.0,798.0,8.2,6.0,5.00,"Recipe: Grilled Leg Of Lamb With Ancho Chile Marinade.
Nutrition per serving: 509 kcal | 38 g protein | 36 g fat | 798 mg sodium | 8.2 g carbs | 6.0 g fibre.
Nutrition profile: high-calorie (400–700 kcal), high-protein (≥25 g), high-fat (≥ 30 g), high-sodium (≥ 600 mg), low-carb (< 20 g), moderate-fibre (3–7 g).
User rating: 5.00/5 — outstanding (≥ 4.5).
Diet suitability: dairy free, sugar conscious.
Cuisine / style: general.
Meal type: dinner.
Main protein source: lamb.
Cooking method: grill/barbecue.
Additional attributes: chill, grill, low cal, marinate, peanut free, soy free, tree nut free, wheat/gluten-free."
doc_00387,Grilled Marinated Leg Of Lamb,688.0,50.0,52.0,736.0,5.0,1.5,5.00,"Recipe: Grilled Marinated Leg Of Lamb.
Nutrition per serving: 688 kcal | 50 g protein | 52 g fat | 736 mg sodium | 5.0 g carbs | 1.5 g fibre.
Nutrition profile: high-calorie (400–700 kcal), high-protein (≥25 g), high-fat (≥ 30 g), high-sodium (≥ 600 mg), low-carb (< 20 g), low-fibre (< 3 g).
User rating: 5.00/5 — outstanding (≥ 4.5).
Diet suitability: none specified.
Cuisine / style: general.
Meal type: general purpose.
Main protein source: lamb.
Cooking method: grill/barbecue, quick & easy.
Additional attributes: garlic, lemon, marinate, oregano, summer."
doc_00388,Grilled Monterey Sardines With Lemon And Herbs,497.0,69.0,22.0,777.0,5.8,0.5,5.00,"Recipe: Grilled Monterey Sardines With Lemon And Herbs.
Nutrition per serving: 497 kcal | 69 g protein | 22 g fat | 777 mg sodium | 5.8 g carbs | 0.5 g fibre.
Nutrition profile: high-calorie (400–700 kcal), high-protein (≥25 g), moderate-fat (15–29 g), high-sodium (≥ 600 mg), low-carb (< 20 g), low-fibre (< 3 g).
User rating: 5.00/5 — outstanding (≥ 4.5).
Diet suitability: healthy, sugar conscious.
Cuisine / style: general.
Meal type: appetizer, dinner.
Main protein source: not specified.
Cooking method: grill/barbecue.
Additional attributes: grill, herb, lemon, lemon juice, low cal, summer."
doc_00389,Grilled Moroccan Spiced Pork Tenderloin,409.0,40.0,25.0,616.0,6.0,1.5,5.00,"Recipe: Grilled Moroccan Spiced Pork Tenderloin.
Nutrition per serving: 409 kcal | 40 g protein | 25 g fat | 616 mg sodium | 6.0 g carbs | 1.5 g fibre.
Nutrition profile: high-calorie (400–700 kcal), high-protein (≥25 g), moderate-fat (15–29 g), high-sodium (≥ 600 mg), low-carb (< 20 g), low-fibre (< 3 g).
User rating: 5.00/5 — outstanding (≥ 4.5).
Diet suitability: none specified.
Cuisine / style: general.
Meal type: general purpose.
Main protein source: pork.
Cooking method: grill/barbecue.
Additional attributes: coriander, cumin, grill."
doc_00390,Grilled Pork Chops With Sweet Lemongrass Marinade,458.0,43.0,18.0,1278.0,31.0,6.0,5.00,"Recipe: Grilled Pork Chops With Sweet Lemongrass Marinade.
Nutrition per serving: 458 kcal | 43 g protein | 18 g fat | 1278 mg sodium | 31.0 g carbs | 6.0 g fibre.
Nutrition profile: high-calorie (400–700 kcal), high-protein (≥25 g), moderate-fat (15–29 g), high-sodium (≥ 600 mg), moderate-carb (20–50 g), moderate-fibre (3–7 g).
User rating: 5.00/5 — outstanding (≥ 4.5).
Diet suitability: dairy free.
Cuisine / style: general.
Meal type: dinner.
Main protein source: pork.
Cooking method: advance prep required, grill/barbecue.
Additional attributes: grill, herb, lemongrass, marinate, meat, peanut free, pork chop, soy free, tree nut free, wheat/gluten-free."
doc_00391,Grilled Sardine Tartines With Onion And Arugula,555.0,50.0,25.0,327.0,32.5,1.5,5.00,"Recipe: Grilled Sardine Tartines With Onion And Arugula.
Nutrition per serving: 555 kcal | 50 g protein | 25 g fat | 327 mg sodium | 32.5 g carbs | 1.5 g fibre.
Nutrition profile: high-calorie (400–700 kcal), high-protein (≥25 g), moderate-fat (15–29 g), moderate-sodium (150–599 mg), moderate-carb (20–50 g), low-fibre (< 3 g).
User rating: 5.00/5 — outstanding (≥ 4.5).
Diet suitability: none specified.
Cuisine / style: general.
Meal type: appetizer, lunch, sandwich.
Main protein source: fish.
Cooking method: grill/barbecue.
Additional attributes: arugula, herb, lemon, marinate, onion."
doc_00392,Grilled Shrimp And Vegetables With Pearl Couscous,650.0,36.0,30.0,1980.0,59.0,6.0,5.00,"Recipe: Grilled Shrimp And Vegetables With Pearl Couscous.
Nutrition per serving: 650 kcal | 36 g protein | 30 g fat | 1980 mg sodium | 59.0 g carbs | 6.0 g fibre.
Nutrition profile: high-calorie (400–700 kcal), high-protein (≥25 g), high-fat (≥ 30 g), high-sodium (≥ 600 mg), high-carb (> 50 g), moderate-fibre (3–7 g).
User rating: 5.00/5 — outstanding (≥ 4.5).
Diet suitability: none specified.
Cuisine / style: general.
Meal type: lunch.
Main protein source: shrimp.
Cooking method: grill/barbecue.
Additional attributes: cheese, couscous, garlic, herb, no sugar added, onion, peanut free, shellfish, soy free, summer, tree nut free, vegetable."
doc_00393,Grilled Steak With Parsley-Parmesan Salad,335.0,41.0,18.0,372.0,2.2,4.0,5.00,"Recipe: Grilled Steak With Parsley-Parmesan Salad.
Nutrition per serving: 335 kcal | 41 g protein | 18 g fat | 372 mg sodium | 2.2 g carbs | 4.0 g fibre.
Nutrition profile: moderate-calorie (200–400 kcal), high-protein (≥25 g), moderate-fat (15–29 g), moderate-sodium (150–599 mg), low-carb (< 20 g), moderate-fibre (3–7 g).
User rating: 5.00/5 — outstanding (≥ 4.5).
Diet suitability: none specified.
Cuisine / style: general.
Meal type: general purpose.
Main protein source: not specified.
Cooking method: grill/barbecue, quick & easy.
Additional attributes: kid-friendly, parmesan, parsley, spring, steak, summer."
doc_00394,Grilled Striped Bass,412.0,75.0,10.0,293.0,5.5,1.5,5.00,"Recipe: Grilled Striped Bass.
Nutrition per serving: 412 kcal | 75 g protein | 10 g fat | 293 mg sodium | 5.5 g carbs | 1.5 g fibre.
Nutrition profile: high-calorie (400–700 kcal), high-protein (≥25 g), low-fat (5–14 g), moderate-sodium (150–599 mg), low-carb (< 20 g), low-fibre (< 3 g).
User rating: 5.00/5 — outstanding (≥ 4.5).
Diet suitability: none specified.
Cuisine / style: general.
Meal type: general purpose.
Main protein source: fish.
Cooking method: grill/barbecue.
Additional attributes: bass, summer."
doc_00395,Grilled Tuna With Herbed Aïoli,475.0,49.0,29.0,202.0,4.5,1.5,5.00,"Recipe: Grilled Tuna With Herbed Aïoli.
Nutrition per serving: 475 kcal | 49 g protein | 29 g fat | 202 mg sodium | 4.5 g carbs | 1.5 g fibre.
Nutrition profile: high-calorie (400–700 kcal), high-protein (≥25 g), moderate-fat (15–29 g), moderate-sodium (150–599 mg), low-carb (< 20 g), low-fibre (< 3 g).
User rating: 5.00/5 — outstanding (≥ 4.5).
Diet suitability: none specified.
Cuisine / style: general.
Meal type: general purpose.
Main protein source: fish.
Cooking method: grill/barbecue.
Additional attributes: herb, low carb, summer, tuna."
doc_00396,Holiday Ham With Riesling And Mustard,464.0,48.0,20.0,5162.5,23.0,6.0,5.00,"Recipe: Holiday Ham With Riesling And Mustard.
Nutrition per serving: 464 kcal | 48 g protein | 20 g fat | 5162 mg sodium | 23.0 g carbs | 6.0 g fibre.
Nutrition profile: high-calorie (400–700 kcal), high-protein (≥25 g), moderate-fat (15–29 g), high-sodium (≥ 600 mg), moderate-carb (20–50 g), moderate-fibre (3–7 g).
User rating: 5.00/5 — outstanding (≥ 4.5).
Diet suitability: kosher, pescatarian, vegetarian.
Cuisine / style: general.
Meal type: dinner.
Main protein source: not specified.
Cooking method: roast.
Additional attributes: ham, meat, mustard, peanut free, soy free, tree nut free, wheat/gluten-free.
Note: this recipe has unusually extreme nutritional values."
doc_00397,Honey-Roasted Ham Or Turkey With Dried Cherry Relish,582.0,45.0,28.0,3026.0,37.5,1.5,5.00,"Recipe: Honey-Roasted Ham Or Turkey With Dried Cherry Relish.
Nutrition per serving: 582 kcal | 45 g protein | 28 g fat | 3026 mg sodium | 37.5 g carbs | 1.5 g fibre.
Nutrition profile: high-calorie (400–700 kcal), high-protein (≥25 g), moderate-fat (15–29 g), high-sodium (≥ 600 mg), moderate-carb (20–50 g), low-fibre (< 3 g).
User rating: 5.00/5 — outstanding (≥ 4.5).
Diet suitability: none specified.
Cuisine / style: general.
Meal type: general purpose.
Main protein source: turkey.
Cooking method: standard.
Additional attributes: cherry, fruit, ham, pecan.
Note: this recipe has unusually extreme nutritional values."
doc_00398,Medallions Of Venison With Port And Cranberries,371.0,42.0,14.0,318.0,19.2,9.0,5.00,"Recipe: Medallions Of Venison With Port And Cranberries.
Nutrition per serving: 371 kcal | 42 g protein | 14 g fat | 318 mg sodium | 19.2 g carbs | 9.0 g fibre.
Nutrition profile: moderate-calorie (200–400 kcal), high-protein (≥25 g), low-fat (5–14 g), moderate-sodium (150–599 mg), low-carb (< 20 g), high-fibre (> 7 g).
User rating: 5.00/5 — outstanding (≥ 4.5).
Diet suitability: none specified.
Cuisine / style: general.
Meal type: general purpose.
Main protein source: not specified.
Cooking method: standard.
Additional attributes: berry, fall, game, sauté, spring."
doc_00399,"Minty, Boozy Chicken",607.0,36.0,41.0,143.0,23.5,6.0,5.00,"Recipe: Minty, Boozy Chicken.
Nutrition per serving: 607 kcal | 36 g protein | 41 g fat | 143 mg sodium | 23.5 g carbs | 6.0 g fibre.
Nutrition profile: high-calorie (400–700 kcal), high-protein (≥25 g), high-fat (≥ 30 g), very low-sodium (< 150 mg), moderate-carb (20–50 g), moderate-fibre (3–7 g).
User rating: 5.00/5 — outstanding (≥ 4.5).
Diet suitability: none specified.
Cuisine / style: general.
Meal type: dinner.
Main protein source: chicken.
Cooking method: bake.
Additional attributes: mint, no sugar added, peanut free, soy free, tree nut free, wheat/gluten-free."
doc_00400,Moules Au Beurre D'Escargots,559.0,42.0,32.0,1563.0,25.8,6.0,5.00,"Recipe: Moules Au Beurre D'Escargots.
Nutrition per serving: 559 kcal | 42 g protein | 32 g fat | 1563 mg sodium | 25.8 g carbs | 6.0 g fibre.
Nutrition profile: high-calorie (400–700 kcal), high-protein (≥25 g), high-fat (≥ 30 g), high-sodium (≥ 600 mg), moderate-carb (20–50 g), moderate-fibre (3–7 g).
User rating: 5.00/5 — outstanding (≥ 4.5).
Diet suitability: pescatarian, sugar conscious.
Cuisine / style: general.
Meal type: appetizer.
Main protein source: not specified.
Cooking method: roast.
Additional attributes: garlic, mussel, parsley, peanut free, shellfish, soy free, summer, tree nut free, wheat/gluten-free."
doc_00401,Mussels Alla Diavola,698.0,39.0,26.0,1090.0,77.0,4.0,5.00,"Recipe: Mussels Alla Diavola.
Nutrition per serving: 698 kcal | 39 g protein | 26 g fat | 1090 mg sodium | 77.0 g carbs | 4.0 g fibre.
Nutrition profile: high-calorie (400–700 kcal), high-protein (≥25 g), moderate-fat (15–29 g), high-sodium (≥ 600 mg), high-carb (> 50 g), moderate-fibre (3–7 g).
User rating: 5.00/5 — outstanding (≥ 4.5).
Diet suitability: none specified.
Cuisine / style: general.
Meal type: general purpose.
Main protein source: not specified.
Cooking method: quick & easy, steam.
Additional attributes: mussel, olive, pasta, shellfish, spring, summer."
doc_00402,Mussels In Green Peppercorn Sauce,540.0,55.0,22.0,1309.0,30.5,6.0,5.00,"Recipe: Mussels In Green Peppercorn Sauce.
Nutrition per serving: 540 kcal | 55 g protein | 22 g fat | 1309 mg sodium | 30.5 g carbs | 6.0 g fibre.
Nutrition profile: high-calorie (400–700 kcal), high-protein (≥25 g), moderate-fat (15–29 g), high-sodium (≥ 600 mg), moderate-carb (20–50 g), moderate-fibre (3–7 g).
User rating: 5.00/5 — outstanding (≥ 4.5).
Diet suitability: pescatarian, sugar conscious.
Cuisine / style: general.
Meal type: dinner.
Main protein source: seafood.
Cooking method: quick & easy.
Additional attributes: milk/cream, mussel, peanut free, shallot, simmer, soy free, tree nut free, wheat/gluten-free."
doc_00403,Mussels With Pernod And Cream,636.0,56.0,20.0,1328.0,58.0,6.0,5.00,"Recipe: Mussels With Pernod And Cream.
Nutrition per serving: 636 kcal | 56 g protein | 20 g fat | 1328 mg sodium | 58.0 g carbs | 6.0 g fibre.
Nutrition profile: high-calorie (400–700 kcal), high-protein (≥25 g), moderate-fat (15–29 g), high-sodium (≥ 600 mg), high-carb (> 50 g), moderate-fibre (3–7 g).
User rating: 5.00/5 — outstanding (≥ 4.5).
Diet suitability: pescatarian.
Cuisine / style: general.
Meal type: appetizer.
Main protein source: not specified.
Cooking method: quick & easy, steam.
Additional attributes: milk/cream, mussel, peanut free, shellfish, soy free, tree nut free, wheat/gluten-free."
doc_00404,Mussels With Saffron Cream,629.0,55.0,31.0,1749.0,32.5,1.5,5.00,"Recipe: Mussels With Saffron Cream.
Nutrition per serving: 629 kcal | 55 g protein | 31 g fat | 1749 mg sodium | 32.5 g carbs | 1.5 g fibre.
Nutrition profile: high-calorie (400–700 kcal), high-protein (≥25 g), high-fat (≥ 30 g), high-sodium (≥ 600 mg), moderate-carb (20–50 g), low-fibre (< 3 g).
User rating: 5.00/5 — outstanding (≥ 4.5).
Diet suitability: none specified.
Cuisine / style: general.
Meal type: general purpose.
Main protein source: not specified.
Cooking method: quick & easy.
Additional attributes: dairy, herb, mussel, onion, saffron, shellfish."
doc_00405,Mussels With Spicy Tomato Oil And Grilled Bread,667.0,45.0,40.0,1128.0,31.8,4.0,5.00,"Recipe: Mussels With Spicy Tomato Oil And Grilled Bread.
Nutrition per serving: 667 kcal | 45 g protein | 40 g fat | 1128 mg sodium | 31.8 g carbs | 4.0 g fibre.
Nutrition profile: high-calorie (400–700 kcal), high-protein (≥25 g), high-fat (≥ 30 g), high-sodium (≥ 600 mg), moderate-carb (20–50 g), moderate-fibre (3–7 g).
User rating: 5.00/5 — outstanding (≥ 4.5).
Diet suitability: none specified.
Cuisine / style: general.
Meal type: dinner.
Main protein source: not specified.
Cooking method: standard.
Additional attributes: mussel, shellfish, summer, tomato."
doc_00406,Osso Buco Milanese,653.0,74.0,25.0,2426.0,33.0,6.0,5.00,"Recipe: Osso Buco Milanese.
Nutrition per serving: 653 kcal | 74 g protein | 25 g fat | 2426 mg sodium | 33.0 g carbs | 6.0 g fibre.
Nutrition profile: high-calorie (400–700 kcal), high-protein (≥25 g), moderate-fat (15–29 g), high-sodium (≥ 600 mg), moderate-carb (20–50 g), moderate-fibre (3–7 g).
User rating: 5.00/5 — outstanding (≥ 4.5).
Diet suitability: dairy free, kosher, sugar conscious.
Cuisine / style: general.
Meal type: dinner.
Main protein source: not specified.
Cooking method: standard.
Additional attributes: braise, fall, peanut free, soy free, tomato, tree nut free, veal, winter."
doc_00407,Pan-Seared Tuna With Ginger-Shiitake Cream Sauce,395.0,45.0,21.0,973.0,6.5,1.5,5.00,"Recipe: Pan-Seared Tuna With Ginger-Shiitake Cream Sauce.
Nutrition per serving: 395 kcal | 45 g protein | 21 g fat | 973 mg sodium | 6.5 g carbs | 1.5 g fibre.
Nutrition profile: moderate-calorie (200–400 kcal), high-protein (≥25 g), moderate-fat (15–29 g), high-sodium (≥ 600 mg), low-carb (< 20 g), low-fibre (< 3 g).
User rating: 5.00/5 — outstanding (≥ 4.5).
Diet suitability: kosher, pescatarian, sugar conscious.
Cuisine / style: general.
Meal type: dinner.
Main protein source: fish, seafood.
Cooking method: quick & easy.
Additional attributes: cilantro, dairy, ginger, low carb, milk/cream, mushroom, no sugar added, sauté, soy sauce, tree nut free, tuna, winter."
doc_00408,Pasta With Swordfish And Cherry Tomato Sauce,654.0,37.0,23.0,257.0,74.8,4.0,5.00,"Recipe: Pasta With Swordfish And Cherry Tomato Sauce.
Nutrition per serving: 654 kcal | 37 g protein | 23 g fat | 257 mg sodium | 74.8 g carbs | 4.0 g fibre.
Nutrition profile: high-calorie (400–700 kcal), high-protein (≥25 g), moderate-fat (15–29 g), moderate-sodium (150–599 mg), high-carb (> 50 g), moderate-fibre (3–7 g).
User rating: 5.00/5 — outstanding (≥ 4.5).
Diet suitability: healthy, low fat.
Cuisine / style: general.
Meal type: general purpose.
Main protein source: not specified.
Cooking method: quick & easy.
Additional attributes: kid-friendly, pasta, swordfish."
doc_00409,Patty Melts With Charred Onions,549.0,42.0,36.0,393.0,14.2,6.0,5.00,"Recipe: Patty Melts With Charred Onions.
Nutrition per serving: 549 kcal | 42 g protein | 36 g fat | 393 mg sodium | 14.2 g carbs | 6.0 g fibre.
Nutrition profile: high-calorie (400–700 kcal), high-protein (≥25 g), high-fat (≥ 30 g), moderate-sodium (150–599 mg), low-carb (< 20 g), moderate-fibre (3–7 g).
User rating: 5.00/5 — outstanding (≥ 4.5).
Diet suitability: none specified.
Cuisine / style: general.
Meal type: dinner.
Main protein source: beef.
Cooking method: grill/barbecue.
Additional attributes: dairy, fall, grill, ground beef, onion, peanut free, soy free, summer, swiss cheese, tree nut free."
doc_00410,Pistachio Sea Bass With Crab Salad,570.0,42.0,39.0,449.0,12.8,6.0,5.00,"Recipe: Pistachio Sea Bass With Crab Salad.
Nutrition per serving: 570 kcal | 42 g protein | 39 g fat | 449 mg sodium | 12.8 g carbs | 6.0 g fibre.
Nutrition profile: high-calorie (400–700 kcal), high-protein (≥25 g), high-fat (≥ 30 g), moderate-sodium (150–599 mg), low-carb (< 20 g), moderate-fibre (3–7 g).
User rating: 5.00/5 — outstanding (≥ 4.5).
Diet suitability: dairy free, pescatarian, sugar conscious.
Cuisine / style: curry.
Meal type: dinner.
Main protein source: fish, nut.
Cooking method: bake.
Additional attributes: bass, crab, fall, no sugar added, peanut free, pistachio, shellfish, soy free, wheat/gluten-free."
doc_00411,Platter Of Roasted Shellfish With Trio Of Sauces,449.0,57.0,20.0,2157.0,10.2,1.5,5.00,"Recipe: Platter Of Roasted Shellfish With Trio Of Sauces.
Nutrition per serving: 449 kcal | 57 g protein | 20 g fat | 2157 mg sodium | 10.2 g carbs | 1.5 g fibre.
Nutrition profile: high-calorie (400–700 kcal), high-protein (≥25 g), moderate-fat (15–29 g), high-sodium (≥ 600 mg), low-carb (< 20 g), low-fibre (< 3 g).
User rating: 5.00/5 — outstanding (≥ 4.5).
Diet suitability: none specified.
Cuisine / style: general.
Meal type: general purpose.
Main protein source: shrimp.
Cooking method: roast.
Additional attributes: crab, lobster, low cal, scallop, shallot, summer."
doc_00412,Porchetta-Style Roast Turkey Breast,692.0,69.0,43.0,1220.0,7.2,6.0,5.00,"Recipe: Porchetta-Style Roast Turkey Breast.
Nutrition per serving: 692 kcal | 69 g protein | 43 g fat | 1220 mg sodium | 7.2 g carbs | 6.0 g fibre.
Nutrition profile: high-calorie (400–700 kcal), high-protein (≥25 g), high-fat (≥ 30 g), high-sodium (≥ 600 mg), low-carb (< 20 g), moderate-fibre (3–7 g).
User rating: 5.00/5 — outstanding (≥ 4.5).
Diet suitability: dairy free, paleo, sugar conscious.
Cuisine / style: general.
Meal type: dinner.
Main protein source: turkey.
Cooking method: standard.
Additional attributes: bacon, kid-friendly, no sugar added, peanut free, soy free, tree nut free, wheat/gluten-free."
doc_00413,Pork Tenderloin With Spiced Rhubarb Chutney,444.0,37.0,10.0,102.0,51.5,1.5,5.00,"Recipe: Pork Tenderloin With Spiced Rhubarb Chutney.
Nutrition per serving: 444 kcal | 37 g protein | 10 g fat | 102 mg sodium | 51.5 g carbs | 1.5 g fibre.
Nutrition profile: high-calorie (400–700 kcal), high-protein (≥25 g), low-fat (5–14 g), very low-sodium (< 150 mg), high-carb (> 50 g), low-fibre (< 3 g).
User rating: 5.00/5 — outstanding (≥ 4.5).
Diet suitability: none specified.
Cuisine / style: general.
Meal type: general purpose.
Main protein source: not specified.
Cooking method: roast.
Additional attributes: ginger, pork tenderloin, rhubarb."
doc_00414,"Pork, Beef, And Black Bean Chili",590.0,37.0,38.0,1427.0,25.0,9.0,5.00,"Recipe: Pork, Beef, And Black Bean Chili.
Nutrition per serving: 590 kcal | 37 g protein | 38 g fat | 1427 mg sodium | 25.0 g carbs | 9.0 g fibre.
Nutrition profile: high-calorie (400–700 kcal), high-protein (≥25 g), high-fat (≥ 30 g), high-sodium (≥ 600 mg), moderate-carb (20–50 g), high-fibre (> 7 g).
User rating: 5.00/5 — outstanding (≥ 4.5).
Diet suitability: none specified.
Cuisine / style: general.
Meal type: general purpose.
Main protein source: bean, beef, pork.
Cooking method: standard.
Additional attributes: fall, sauté, simmer."
doc_00415,Pot Roast With Winter Root Vegetables,556.0,55.0,21.0,859.0,36.8,9.0,5.00,"Recipe: Pot Roast With Winter Root Vegetables.
Nutrition per serving: 556 kcal | 55 g protein | 21 g fat | 859 mg sodium | 36.8 g carbs | 9.0 g fibre.
Nutrition profile: high-calorie (400–700 kcal), high-protein (≥25 g), moderate-fat (15–29 g), high-sodium (≥ 600 mg), moderate-carb (20–50 g), high-fibre (> 7 g).
User rating: 5.00/5 — outstanding (≥ 4.5).
Diet suitability: dairy free, high fiber.
Cuisine / style: general.
Meal type: dinner.
Main protein source: beef.
Cooking method: standard.
Additional attributes: bacon, braise, garlic, peanut free, root vegetable, shallot, soy free, tree nut free, wheat/gluten-free, winter."
doc_00416,Pressed Coppa Sandwiches With Broccoli Rabe Pesto,696.0,38.0,45.0,1831.0,34.8,6.0,5.00,"Recipe: Pressed Coppa Sandwiches With Broccoli Rabe Pesto.
Nutrition per serving: 696 kcal | 38 g protein | 45 g fat | 1831 mg sodium | 34.8 g carbs | 6.0 g fibre.
Nutrition profile: high-calorie (400–700 kcal), high-protein (≥25 g), high-fat (≥ 30 g), high-sodium (≥ 600 mg), moderate-carb (20–50 g), moderate-fibre (3–7 g).
User rating: 5.00/5 — outstanding (≥ 4.5).
Diet suitability: none specified.
Cuisine / style: general.
Meal type: lunch, sandwich.
Main protein source: not specified.
Cooking method: standard.
Additional attributes: broccoli rabe, cheese, garlic, ham, peanut free, sandwich theory, soy free, tree nut free."
doc_00417,"Prosciutto, Fried Egg, And Parmesan On Country Bread",500.0,38.0,36.0,1736.0,6.0,6.0,5.00,"Recipe: Prosciutto, Fried Egg, And Parmesan On Country Bread.
Nutrition per serving: 500 kcal | 38 g protein | 36 g fat | 1736 mg sodium | 6.0 g carbs | 6.0 g fibre.
Nutrition profile: high-calorie (400–700 kcal), high-protein (≥25 g), high-fat (≥ 30 g), high-sodium (≥ 600 mg), low-carb (< 20 g), moderate-fibre (3–7 g).
User rating: 5.00/5 — outstanding (≥ 4.5).
Diet suitability: sugar conscious.
Cuisine / style: general.
Meal type: breakfast, brunch.
Main protein source: egg, fish, pork.
Cooking method: standard.
Additional attributes: broil, cheese, cookie, fry, kid-friendly, no sugar added, parmesan, peanut free, prosciutto, sauté, soy free, tree nut free."
doc_00418,Red Velvet Cake With Raspberries And Blueberries,606.0,7.0,30.0,425.0,77.0,6.0,4.38,"Recipe: Red Velvet Cake With Raspberries And Blueberries.
Nutrition per serving: 606 kcal | 7 g protein | 30 g fat | 425 mg sodium | 77.0 g carbs | 6.0 g fibre.
Nutrition profile: high-calorie (400–700 kcal), low-protein (< 10 g), high-fat (≥ 30 g), moderate-sodium (150–599 mg), high-carb (> 50 g), moderate-fibre (3–7 g).
User rating: 4.38/5 — highly rated (4.0–4.4).
Diet suitability: kosher, pescatarian, vegetarian.
Cuisine / style: general.
Meal type: dessert.
Main protein source: not specified.
Cooking method: bake.
Additional attributes: berry, cake, chocolate, cream cheese, milk/cream, peanut free, soy free, summer, tree nut free."
doc_00419,Ribollita With Italian Sausage,471.0,36.0,19.0,1324.0,39.0,6.0,5.00,"Recipe: Ribollita With Italian Sausage.
Nutrition per serving: 471 kcal | 36 g protein | 19 g fat | 1324 mg sodium | 39.0 g carbs | 6.0 g fibre.
Nutrition profile: high-calorie (400–700 kcal), high-protein (≥25 g), moderate-fat (15–29 g), high-sodium (≥ 600 mg), moderate-carb (20–50 g), moderate-fibre (3–7 g).
User rating: 5.00/5 — outstanding (≥ 4.5).
Diet suitability: healthy, low fat.
Cuisine / style: general.
Meal type: dinner, lunch, soup/stew.
Main protein source: bean.
Cooking method: standard.
Additional attributes: carrot, kale, kid-friendly, low cholesterol, peanut free, sausage, soy free, tree nut free."
doc_00420,Roast Beef Tenderloin With Port Sauce,655.0,45.0,48.0,498.0,10.8,1.5,5.00,"Recipe: Roast Beef Tenderloin With Port Sauce.
Nutrition per serving: 655 kcal | 45 g protein | 48 g fat | 498 mg sodium | 10.8 g carbs | 1.5 g fibre.
Nutrition profile: high-calorie (400–700 kcal), high-protein (≥25 g), high-fat (≥ 30 g), moderate-sodium (150–599 mg), low-carb (< 20 g), low-fibre (< 3 g).
User rating: 5.00/5 — outstanding (≥ 4.5).
Diet suitability: none specified.
Cuisine / style: general.
Meal type: general purpose.
Main protein source: not specified.
Cooking method: roast.
Additional attributes: beef tenderloin, rosemary, shallot, winter."
doc_00421,Roast Beef With Wild Mushroom Sauce And Caramelized-Shallot Mashed Potatoes,635.0,38.0,48.0,763.0,12.8,6.0,5.00,"Recipe: Roast Beef With Wild Mushroom Sauce And Caramelized-Shallot Mashed Potatoes.
Nutrition per serving: 635 kcal | 38 g protein | 48 g fat | 763 mg sodium | 12.8 g carbs | 6.0 g fibre.
Nutrition profile: high-calorie (400–700 kcal), high-protein (≥25 g), high-fat (≥ 30 g), high-sodium (≥ 600 mg), low-carb (< 20 g), moderate-fibre (3–7 g).
User rating: 5.00/5 — outstanding (≥ 4.5).
Diet suitability: sugar conscious.
Cuisine / style: general.
Meal type: dinner.
Main protein source: not specified.
Cooking method: roast.
Additional attributes: beef tenderloin, milk/cream, mushroom, peanut free, shallot, soy free, tree nut free, winter."
doc_00422,Roast New York Strip Loin With Adobo Rub,569.0,44.0,41.0,513.0,6.0,1.5,5.00,"Recipe: Roast New York Strip Loin With Adobo Rub.
Nutrition per serving: 569 kcal | 44 g protein | 41 g fat | 513 mg sodium | 6.0 g carbs | 1.5 g fibre.
Nutrition profile: high-calorie (400–700 kcal), high-protein (≥25 g), high-fat (≥ 30 g), moderate-sodium (150–599 mg), low-carb (< 20 g), low-fibre (< 3 g).
User rating: 5.00/5 — outstanding (≥ 4.5).
Diet suitability: none specified.
Cuisine / style: general.
Meal type: general purpose.
Main protein source: beef.
Cooking method: quick & easy, roast.
Additional attributes: garlic, marinate, rosemary, steak, vinegar, winter."
doc_00423,Roast New York Strip Loin With Garlic-Herb Crust,504.0,40.0,37.0,1041.0,2.8,6.0,5.00,"Recipe: Roast New York Strip Loin With Garlic-Herb Crust.
Nutrition per serving: 504 kcal | 40 g protein | 37 g fat | 1041 mg sodium | 2.8 g carbs | 6.0 g fibre.
Nutrition profile: high-calorie (400–700 kcal), high-protein (≥25 g), high-fat (≥ 30 g), high-sodium (≥ 600 mg), low-carb (< 20 g), moderate-fibre (3–7 g).
User rating: 5.00/5 — outstanding (≥ 4.5).
Diet suitability: dairy free, paleo, sugar conscious.
Cuisine / style: general.
Meal type: dinner, lunch.
Main protein source: beef.
Cooking method: roast.
Additional attributes: garlic, herb, low carb, no sugar added, peanut free, sage, soy free, thyme, tree nut free, wheat/gluten-free, winter."
doc_00424,"Roasted Loin Of Veal With Garlic, Shallots, And Mustard Gravy",460.0,44.0,20.0,360.0,26.0,1.5,5.00,"Recipe: Roasted Loin Of Veal With Garlic, Shallots, And Mustard Gravy.
Nutrition per serving: 460 kcal | 44 g protein | 20 g fat | 360 mg sodium | 26.0 g carbs | 1.5 g fibre.
Nutrition profile: high-calorie (400–700 kcal), high-protein (≥25 g), moderate-fat (15–29 g), moderate-sodium (150–599 mg), moderate-carb (20–50 g), low-fibre (< 3 g).
User rating: 5.00/5 — outstanding (≥ 4.5).
Diet suitability: none specified.
Cuisine / style: general.
Meal type: general purpose.
Main protein source: beef.
Cooking method: roast.
Additional attributes: garlic, mustard, shallot, veal."
doc_00425,Sea Bass With Watercress Sauce,465.0,45.0,27.0,203.0,10.5,1.5,5.00,"Recipe: Sea Bass With Watercress Sauce.
Nutrition per serving: 465 kcal | 45 g protein | 27 g fat | 203 mg sodium | 10.5 g carbs | 1.5 g fibre.
Nutrition profile: high-calorie (400–700 kcal), high-protein (≥25 g), moderate-fat (15–29 g), moderate-sodium (150–599 mg), low-carb (< 20 g), low-fibre (< 3 g).
User rating: 5.00/5 — outstanding (≥ 4.5).
Diet suitability: none specified.
Cuisine / style: general.
Meal type: general purpose.
Main protein source: fish.
Cooking method: quick & easy.
Additional attributes: low carb, milk/cream, sauté, summer, watercress."
doc_00426,Seared Duck Breasts With Red-Wine Sauce And Candied Kumquats,404.0,49.0,11.0,175.0,27.2,1.5,5.00,"Recipe: Seared Duck Breasts With Red-Wine Sauce And Candied Kumquats.
Nutrition per serving: 404 kcal | 49 g protein | 11 g fat | 175 mg sodium | 27.2 g carbs | 1.5 g fibre.
Nutrition profile: high-calorie (400–700 kcal), high-protein (≥25 g), low-fat (5–14 g), moderate-sodium (150–599 mg), moderate-carb (20–50 g), low-fibre (< 3 g).
User rating: 5.00/5 — outstanding (≥ 4.5).
Diet suitability: none specified.
Cuisine / style: general.
Meal type: general purpose.
Main protein source: not specified.
Cooking method: standard.
Additional attributes: duck, fruit juice, kumquat, onion, sauté, shallot, spice, vinegar, winter."
doc_00427,"Seared Halibut With Haricots Verts, Scallions, And White Wine Sauce",509.0,40.0,33.0,201.0,13.0,6.0,5.00,"Recipe: Seared Halibut With Haricots Verts, Scallions, And White Wine Sauce.
Nutrition per serving: 509 kcal | 40 g protein | 33 g fat | 201 mg sodium | 13.0 g carbs | 6.0 g fibre.
Nutrition profile: high-calorie (400–700 kcal), high-protein (≥25 g), high-fat (≥ 30 g), moderate-sodium (150–599 mg), low-carb (< 20 g), moderate-fibre (3–7 g).
User rating: 5.00/5 — outstanding (≥ 4.5).
Diet suitability: kosher, pescatarian.
Cuisine / style: general.
Meal type: dinner.
Main protein source: fish.
Cooking method: standard.
Additional attributes: green bean, halibut, pan-fry, peanut free, soy free, tree nut free, wheat/gluten-free."
doc_00428,Shawarma-Spiced Chicken Pita With Tahini-Yogurt Sauce,497.0,42.0,25.0,1060.0,26.0,6.0,5.00,"Recipe: Shawarma-Spiced Chicken Pita With Tahini-Yogurt Sauce.
Nutrition per serving: 497 kcal | 42 g protein | 25 g fat | 1060 mg sodium | 26.0 g carbs | 6.0 g fibre.
Nutrition profile: high-calorie (400–700 kcal), high-protein (≥25 g), moderate-fat (15–29 g), high-sodium (≥ 600 mg), moderate-carb (20–50 g), moderate-fibre (3–7 g).
User rating: 5.00/5 — outstanding (≥ 4.5).
Diet suitability: none specified.
Cuisine / style: general.
Meal type: dinner.
Main protein source: chicken.
Cooking method: 22-minute meals, roast.
Additional attributes: cucumber, no sugar added, peanut free, soy free, tomato, tree nut free, yogurt."
doc_00429,Shellfish Mixed Grill,502.0,85.0,14.0,2900.0,9.0,1.5,5.00,"Recipe: Shellfish Mixed Grill.
Nutrition per serving: 502 kcal | 85 g protein | 14 g fat | 2900 mg sodium | 9.0 g carbs | 1.5 g fibre.
Nutrition profile: high-calorie (400–700 kcal), high-protein (≥25 g), low-fat (5–14 g), high-sodium (≥ 600 mg), low-carb (< 20 g), low-fibre (< 3 g).
User rating: 5.00/5 — outstanding (≥ 4.5).
Diet suitability: none specified.
Cuisine / style: general.
Meal type: general purpose.
Main protein source: shrimp.
Cooking method: standard.
Additional attributes: clam, grill, lobster, summer.
Note: this recipe has unusually extreme nutritional values."
doc_00430,"Shrimp, Lobster, And Jicama Salad",504.0,84.0,14.0,2254.0,10.5,9.0,5.00,"Recipe: Shrimp, Lobster, And Jicama Salad.
Nutrition per serving: 504 kcal | 84 g protein | 14 g fat | 2254 mg sodium | 10.5 g carbs | 9.0 g fibre.
Nutrition profile: high-calorie (400–700 kcal), high-protein (≥25 g), low-fat (5–14 g), high-sodium (≥ 600 mg), low-carb (< 20 g), high-fibre (> 7 g).
User rating: 5.00/5 — outstanding (≥ 4.5).
Diet suitability: high fiber, pescatarian.
Cuisine / style: general.
Meal type: appetizer, lunch, salad.
Main protein source: seafood, shrimp.
Cooking method: grill/barbecue.
Additional attributes: cilantro, grill, lobster, no sugar added, peanut free, shellfish, soy free, summer, tree nut free."
doc_00431,Spanish Pork Braise,646.0,44.0,30.0,1512.0,50.0,1.5,5.00,"Recipe: Spanish Pork Braise.
Nutrition per serving: 646 kcal | 44 g protein | 30 g fat | 1512 mg sodium | 50.0 g carbs | 1.5 g fibre.
Nutrition profile: high-calorie (400–700 kcal), high-protein (≥25 g), high-fat (≥ 30 g), high-sodium (≥ 600 mg), moderate-carb (20–50 g), low-fibre (< 3 g).
User rating: 5.00/5 — outstanding (≥ 4.5).
Diet suitability: none specified.
Cuisine / style: general.
Meal type: general purpose.
Main protein source: bean, pork.
Cooking method: standard.
Additional attributes: braise, citrus, garlic, herb, onion, pepper, tomato, vegetable."
doc_00432,Spiced Middle Eastern Lamb Patties With Pita And Yogurt,672.0,36.0,47.0,1019.0,26.2,1.5,5.00,"Recipe: Spiced Middle Eastern Lamb Patties With Pita And Yogurt.
Nutrition per serving: 672 kcal | 36 g protein | 47 g fat | 1019 mg sodium | 26.2 g carbs | 1.5 g fibre.
Nutrition profile: high-calorie (400–700 kcal), high-protein (≥25 g), high-fat (≥ 30 g), high-sodium (≥ 600 mg), moderate-carb (20–50 g), low-fibre (< 3 g).
User rating: 5.00/5 — outstanding (≥ 4.5).
Diet suitability: none specified.
Cuisine / style: general.
Meal type: sandwich.
Main protein source: not specified.
Cooking method: grill/barbecue.
Additional attributes: coriander, cumin, grill, ground lamb, sandwich theory, summer."
doc_00433,"Steamed Clams With Ham, Bell Pepper, And Basil",625.0,64.0,21.0,2714.0,45.0,0.5,5.00,"Recipe: Steamed Clams With Ham, Bell Pepper, And Basil.
Nutrition per serving: 625 kcal | 64 g protein | 21 g fat | 2714 mg sodium | 45.0 g carbs | 0.5 g fibre.
Nutrition profile: high-calorie (400–700 kcal), high-protein (≥25 g), moderate-fat (15–29 g), high-sodium (≥ 600 mg), moderate-carb (20–50 g), low-fibre (< 3 g).
User rating: 5.00/5 — outstanding (≥ 4.5).
Diet suitability: none specified.
Cuisine / style: general.
Meal type: general purpose.
Main protein source: not specified.
Cooking method: steam.
Additional attributes: basil, bell pepper, clam, ham.
Note: this recipe has unusually extreme nutritional values."
doc_00434,Steamed Fish With Lime And Chile,461.0,74.0,10.0,1772.0,18.8,6.0,5.00,"Recipe: Steamed Fish With Lime And Chile.
Nutrition per serving: 461 kcal | 74 g protein | 10 g fat | 1772 mg sodium | 18.8 g carbs | 6.0 g fibre.
Nutrition profile: high-calorie (400–700 kcal), high-protein (≥25 g), low-fat (5–14 g), high-sodium (≥ 600 mg), low-carb (< 20 g), moderate-fibre (3–7 g).
User rating: 5.00/5 — outstanding (≥ 4.5).
Diet suitability: healthy, low fat.
Cuisine / style: general.
Meal type: dinner.
Main protein source: fish, seafood.
Cooking method: steam.
Additional attributes: bass, lime juice, low cal, peanut free, soy free, tree nut free, valentine's day, wheat/gluten-free."
doc_00435,"Stuffed Turkey Breast With Butternut Squash, Kale, And Sausage",631.0,59.0,36.0,1335.0,17.8,6.0,5.00,"Recipe: Stuffed Turkey Breast With Butternut Squash, Kale, And Sausage.
Nutrition per serving: 631 kcal | 59 g protein | 36 g fat | 1335 mg sodium | 17.8 g carbs | 6.0 g fibre.
Nutrition profile: high-calorie (400–700 kcal), high-protein (≥25 g), high-fat (≥ 30 g), high-sodium (≥ 600 mg), low-carb (< 20 g), moderate-fibre (3–7 g).
User rating: 5.00/5 — outstanding (≥ 4.5).
Diet suitability: none specified.
Cuisine / style: general.
Meal type: dinner.
Main protein source: turkey.
Cooking method: standard.
Additional attributes: butternut squash, fennel, kale, sausage."
doc_00436,Thai Beef Stew With Lemongrass And Noodles,691.0,57.0,25.0,1316.0,59.5,6.0,5.00,"Recipe: Thai Beef Stew With Lemongrass And Noodles.
Nutrition per serving: 691 kcal | 57 g protein | 25 g fat | 1316 mg sodium | 59.5 g carbs | 6.0 g fibre.
Nutrition profile: high-calorie (400–700 kcal), high-protein (≥25 g), moderate-fat (15–29 g), high-sodium (≥ 600 mg), high-carb (> 50 g), moderate-fibre (3–7 g).
User rating: 5.00/5 — outstanding (≥ 4.5).
Diet suitability: dairy free.
Cuisine / style: general.
Meal type: dinner, lunch, soup/stew.
Main protein source: beef.
Cooking method: standard.
Additional attributes: fall, lemongrass, meat, noodle, peanut free, tree nut free, winter."
doc_00437,Thai-Style Broiled Chicken Wings With Hot-And-Sour Sauce,552.0,40.0,33.0,790.0,23.8,1.5,5.00,"Recipe: Thai-Style Broiled Chicken Wings With Hot-And-Sour Sauce.
Nutrition per serving: 552 kcal | 40 g protein | 33 g fat | 790 mg sodium | 23.8 g carbs | 1.5 g fibre.
Nutrition profile: high-calorie (400–700 kcal), high-protein (≥25 g), high-fat (≥ 30 g), high-sodium (≥ 600 mg), moderate-carb (20–50 g), low-fibre (< 3 g).
User rating: 5.00/5 — outstanding (≥ 4.5).
Diet suitability: none specified.
Cuisine / style: general.
Meal type: general purpose.
Main protein source: chicken.
Cooking method: standard.
Additional attributes: broil, marinate."
doc_00438,Three Basil Pesto,678.0,39.0,55.0,1395.0,6.8,0.5,5.00,"Recipe: Three Basil Pesto.
Nutrition per serving: 678 kcal | 39 g protein | 55 g fat | 1395 mg sodium | 6.8 g carbs | 0.5 g fibre.
Nutrition profile: high-calorie (400–700 kcal), high-protein (≥25 g), high-fat (≥ 30 g), high-sodium (≥ 600 mg), low-carb (< 20 g), low-fibre (< 3 g).
User rating: 5.00/5 — outstanding (≥ 4.5).
Diet suitability: none specified.
Cuisine / style: general.
Meal type: sauce.
Main protein source: not specified.
Cooking method: no-cook, quick & easy.
Additional attributes: basil, garlic, parmesan, pine nut, summer."
doc_00439,Tuna Kebabs With Ginger-Chile Marinade,435.0,43.0,20.0,527.0,20.8,1.5,5.00,"Recipe: Tuna Kebabs With Ginger-Chile Marinade.
Nutrition per serving: 435 kcal | 43 g protein | 20 g fat | 527 mg sodium | 20.8 g carbs | 1.5 g fibre.
Nutrition profile: high-calorie (400–700 kcal), high-protein (≥25 g), moderate-fat (15–29 g), moderate-sodium (150–599 mg), moderate-carb (20–50 g), low-fibre (< 3 g).
User rating: 5.00/5 — outstanding (≥ 4.5).
Diet suitability: dairy free, kosher, pescatarian.
Cuisine / style: general.
Meal type: dinner.
Main protein source: fish.
Cooking method: grill/barbecue.
Additional attributes: ginger, hot pepper, marinate, onion, soy sauce, summer, tree nut free, tuna."
doc_00440,Turkey Giblet Stock,357.0,51.0,14.0,342.0,6.8,4.0,5.00,"Recipe: Turkey Giblet Stock.
Nutrition per serving: 357 kcal | 51 g protein | 14 g fat | 342 mg sodium | 6.8 g carbs | 4.0 g fibre.
Nutrition profile: moderate-calorie (200–400 kcal), high-protein (≥25 g), low-fat (5–14 g), moderate-sodium (150–599 mg), low-carb (< 20 g), moderate-fibre (3–7 g).
User rating: 5.00/5 — outstanding (≥ 4.5).
Diet suitability: none specified.
Cuisine / style: general.
Meal type: soup/stew.
Main protein source: turkey.
Cooking method: standard.
Additional attributes: carrot, celery, onion, simmer, winter."
doc_00441,Turkey Shawarma With Tomato Relish And Tahini Sauce,488.0,36.0,25.0,925.0,29.8,6.0,5.00,"Recipe: Turkey Shawarma With Tomato Relish And Tahini Sauce.
Nutrition per serving: 488 kcal | 36 g protein | 25 g fat | 925 mg sodium | 29.8 g carbs | 6.0 g fibre.
Nutrition profile: high-calorie (400–700 kcal), high-protein (≥25 g), moderate-fat (15–29 g), high-sodium (≥ 600 mg), moderate-carb (20–50 g), moderate-fibre (3–7 g).
User rating: 5.00/5 — outstanding (≥ 4.5).
Diet suitability: dairy free, healthy, kosher, sugar conscious.
Cuisine / style: general.
Meal type: dinner.
Main protein source: turkey.
Cooking method: grill/barbecue.
Additional attributes: grill, marinate, no sugar added, paprika, peanut free, soy free, tomato, tree nut free."
doc_00442,Veal Cacciatore,630.0,75.0,32.0,518.0,10.5,6.0,5.00,"Recipe: Veal Cacciatore.
Nutrition per serving: 630 kcal | 75 g protein | 32 g fat | 518 mg sodium | 10.5 g carbs | 6.0 g fibre.
Nutrition profile: high-calorie (400–700 kcal), high-protein (≥25 g), high-fat (≥ 30 g), moderate-sodium (150–599 mg), low-carb (< 20 g), moderate-fibre (3–7 g).
User rating: 5.00/5 — outstanding (≥ 4.5).
Diet suitability: dairy free, paleo.
Cuisine / style: general.
Meal type: dinner.
Main protein source: not specified.
Cooking method: standard.
Additional attributes: braise, olive, onion, peanut free, sauté, soy free, tomato, tree nut free, veal, wheat/gluten-free."
doc_00443,"Veal Shoulder With Porcini Mushrooms, Garlic And Rosemary",610.0,70.0,31.0,764.0,12.8,1.5,5.00,"Recipe: Veal Shoulder With Porcini Mushrooms, Garlic And Rosemary.
Nutrition per serving: 610 kcal | 70 g protein | 31 g fat | 764 mg sodium | 12.8 g carbs | 1.5 g fibre.
Nutrition profile: high-calorie (400–700 kcal), high-protein (≥25 g), high-fat (≥ 30 g), high-sodium (≥ 600 mg), low-carb (< 20 g), low-fibre (< 3 g).
User rating: 5.00/5 — outstanding (≥ 4.5).
Diet suitability: kosher.
Cuisine / style: general.
Meal type: general purpose.
Main protein source: beef.
Cooking method: standard.
Additional attributes: braise, garlic, low carb, mushroom, spring, tomato, veal."
doc_00444,White Chicken Chili,510.0,45.0,12.0,965.0,55.5,4.0,5.00,"Recipe: White Chicken Chili.
Nutrition per serving: 510 kcal | 45 g protein | 12 g fat | 965 mg sodium | 55.5 g carbs | 4.0 g fibre.
Nutrition profile: high-calorie (400–700 kcal), high-protein (≥25 g), low-fat (5–14 g), high-sodium (≥ 600 mg), high-carb (> 50 g), moderate-fibre (3–7 g).
User rating: 5.00/5 — outstanding (≥ 4.5).
Diet suitability: none specified.
Cuisine / style: general.
Meal type: dinner, soup/stew.
Main protein source: bean, chicken.
Cooking method: quick & easy.
Additional attributes: cumin, garlic, jalapeño, kid-friendly, wheat/gluten-free, winter."
doc_00445,Whole Branzino Roasted In Salt,417.0,53.0,20.0,399.0,6.2,9.0,5.00,"Recipe: Whole Branzino Roasted In Salt.
Nutrition per serving: 417 kcal | 53 g protein | 20 g fat | 399 mg sodium | 6.2 g carbs | 9.0 g fibre.
Nutrition profile: high-calorie (400–700 kcal), high-protein (≥25 g), moderate-fat (15–29 g), moderate-sodium (150–599 mg), low-carb (< 20 g), high-fibre (> 7 g).
User rating: 5.00/5 — outstanding (≥ 4.5).
Diet suitability: none specified.
Cuisine / style: general.
Meal type: salad.
Main protein source: egg, fish.
Cooking method: bake, roast.
Additional attributes: arugula, bass, capers, celery, cucumber, olive, parsley."
doc_00446,Whole Fish Baked In Sea Salt,553.0,48.0,38.0,399.0,4.8,6.0,5.00,"Recipe: Whole Fish Baked In Sea Salt.
Nutrition per serving: 553 kcal | 48 g protein | 38 g fat | 399 mg sodium | 4.8 g carbs | 6.0 g fibre.
Nutrition profile: high-calorie (400–700 kcal), high-protein (≥25 g), high-fat (≥ 30 g), moderate-sodium (150–599 mg), low-carb (< 20 g), moderate-fibre (3–7 g).
User rating: 5.00/5 — outstanding (≥ 4.5).
Diet suitability: dairy free, kosher, paleo, pescatarian, sugar conscious.
Cuisine / style: general.
Meal type: dinner.
Main protein source: fish, seafood.
Cooking method: roast.
Additional attributes: low cal, no sugar added, peanut free, salmon, soy free, tree nut free, wheat/gluten-free."
